-- phpMyAdmin SQL Dump
-- version 5.2.0
-- https://www.phpmyadmin.net/
--
-- Host: 127.0.0.1
-- Generation Time: Aug 24, 2023 at 01:37 PM
-- Server version: 10.4.27-MariaDB
-- PHP Version: 7.4.33

SET SQL_MODE = "NO_AUTO_VALUE_ON_ZERO";
START TRANSACTION;
SET time_zone = "+00:00";


/*!40101 SET @OLD_CHARACTER_SET_CLIENT=@@CHARACTER_SET_CLIENT */;
/*!40101 SET @OLD_CHARACTER_SET_RESULTS=@@CHARACTER_SET_RESULTS */;
/*!40101 SET @OLD_COLLATION_CONNECTION=@@COLLATION_CONNECTION */;
/*!40101 SET NAMES utf8mb4 */;

--
-- Database: `eel_bns`
--

-- --------------------------------------------------------

--
-- Table structure for table `branch`
--

CREATE TABLE `branch` (
  `id` int(11) NOT NULL,
  `name` varchar(100) NOT NULL
) ENGINE=InnoDB DEFAULT CHARSET=utf8 COLLATE=utf8_general_ci;

--
-- Dumping data for table `branch`
--

INSERT INTO `branch` (`id`, `name`) VALUES
(15, 'CTED-CTG');

-- --------------------------------------------------------

--
-- Table structure for table `buildings`
--

CREATE TABLE `buildings` (
  `id` int(11) NOT NULL,
  `building_id` varchar(100) NOT NULL,
  `building_type` varchar(100) NOT NULL,
  `package_id` varchar(100) NOT NULL,
  `created_at` datetime NOT NULL DEFAULT current_timestamp(),
  `updated_at` datetime DEFAULT NULL
) ENGINE=InnoDB DEFAULT CHARSET=utf8 COLLATE=utf8_general_ci;

-- --------------------------------------------------------

--
-- Table structure for table `chart_data_column`
--

CREATE TABLE `chart_data_column` (
  `month` varchar(10) NOT NULL,
  `sale` int(3) NOT NULL,
  `profit` int(3) NOT NULL
) ENGINE=InnoDB DEFAULT CHARSET=utf8 COLLATE=utf8_general_ci;

-- --------------------------------------------------------

--
-- Table structure for table `complain_type`
--

CREATE TABLE `complain_type` (
  `id` int(11) NOT NULL,
  `complain_type` varchar(500) NOT NULL
) ENGINE=InnoDB DEFAULT CHARSET=utf8 COLLATE=utf8_general_ci;

-- --------------------------------------------------------

--
-- Table structure for table `country`
--

CREATE TABLE `country` (
  `id` int(11) NOT NULL,
  `iso` char(2) NOT NULL,
  `name` varchar(80) NOT NULL,
  `nicename` varchar(80) NOT NULL,
  `iso3` char(3) DEFAULT NULL,
  `numcode` smallint(6) DEFAULT NULL,
  `phonecode` int(5) NOT NULL
) ENGINE=MyISAM DEFAULT CHARSET=latin1 COLLATE=latin1_swedish_ci;

-- --------------------------------------------------------

--
-- Table structure for table `department`
--

CREATE TABLE `department` (
  `id` int(11) NOT NULL,
  `branch_id` int(11) DEFAULT NULL,
  `branch_name` varchar(350) NOT NULL COMMENT 'temprary purpose',
  `name` varchar(650) NOT NULL
) ENGINE=InnoDB DEFAULT CHARSET=utf8 COLLATE=utf8_general_ci;

--
-- Dumping data for table `department`
--

INSERT INTO `department` (`id`, `branch_id`, `branch_name`, `name`) VALUES
(128, 15, 'CTED-CTG', 'Maintenance'),
(129, 15, 'CTED-CTG', 'QGC and RTG'),
(130, 15, 'CTED-CTG', 'PM and FLT'),
(131, 15, 'CTED-CTG', 'Purchase And Procurement'),
(132, 15, 'CTED-CTG', 'Store'),
(133, 15, 'CTED-CTG', 'Administration'),
(134, 15, 'CTED-CTG', 'QGC Maintanence');

-- --------------------------------------------------------

--
-- Table structure for table `designations`
--

CREATE TABLE `designations` (
  `id` int(11) NOT NULL,
  `name` varchar(650) NOT NULL
) ENGINE=InnoDB DEFAULT CHARSET=utf8 COLLATE=utf8_general_ci;

--
-- Dumping data for table `designations`
--

INSERT INTO `designations` (`id`, `name`) VALUES
(238, 'Executive'),
(239, 'Manager'),
(240, 'Officer'),
(241, 'Deputy General Manager'),
(242, 'Chief Executive Officer'),
(243, 'Project Manager'),
(244, 'General Manager');

-- --------------------------------------------------------

--
-- Table structure for table `equipments`
--

CREATE TABLE `equipments` (
  `id` int(11) NOT NULL,
  `equipment_id` varchar(10) NOT NULL,
  `equipment_no` varchar(25) NOT NULL,
  `type_id` varchar(15) NOT NULL,
  `project_id` varchar(15) NOT NULL,
  `created_at` date NOT NULL,
  `status` varchar(15) NOT NULL
) ENGINE=InnoDB DEFAULT CHARSET=utf8 COLLATE=utf8_general_ci;

--
-- Dumping data for table `equipments`
--

INSERT INTO `equipments` (`id`, `equipment_id`, `equipment_no`, `type_id`, `project_id`, `created_at`, `status`) VALUES
(2, 'CTED-001', 'QGC-01', '46', '1', '0000-00-00', ''),
(3, 'CTED-002', 'QGC-02', '46', '1', '0000-00-00', ''),
(4, 'CTED-003', 'QGC-03', '46', '1', '0000-00-00', ''),
(5, 'CTED-004', 'QGC-04', '46', '1', '0000-00-00', ''),
(6, 'CTED-005', 'QGC-05', '46', '1', '0000-00-00', ''),
(7, 'CTED-006', 'QGC-06', '46', '1', '0000-00-00', ''),
(8, 'CTED-007', 'QGC-07', '46', '1', '0000-00-00', ''),
(9, 'CTED-008', 'QGC-08', '46', '1', '0000-00-00', ''),
(10, 'CTED-009', 'QGC-09', '46', '1', '0000-00-00', ''),
(11, 'CTED-010', 'QGC-10', '46', '1', '0000-00-00', ''),
(12, 'CTED-011', 'QGC-11', '46', '1', '0000-00-00', ''),
(13, 'CTED-012', 'QGC-12', '46', '1', '0000-00-00', ''),
(14, 'CTED-013', 'QGC-13', '46', '1', '0000-00-00', ''),
(15, 'CTED-014', 'QGC-14', '46', '1', '0000-00-00', ''),
(16, 'CTED-015', 'RTG-07', '47', '1', '0000-00-00', ''),
(17, 'CTED-016', 'RTG-08', '47', '1', '0000-00-00', ''),
(19, 'CTED-018', 'RTG-09', '47', '1', '0000-00-00', ''),
(20, 'CTED-019', 'RTG-10', '47', '1', '0000-00-00', ''),
(21, 'CTED-020', 'RTG-11', '47', '1', '0000-00-00', ''),
(22, 'CTED-021', 'RTG-12', '47', '1', '0000-00-00', ''),
(23, 'CTED-022', 'RTG-13', '47', '1', '0000-00-00', ''),
(24, 'CTED-023', 'RTG-14', '47', '1', '0000-00-00', ''),
(25, 'CTED-024', 'RTG-15', '47', '1', '0000-00-00', ''),
(27, 'CTED-026', 'RTG-16', '47', '1', '0000-00-00', ''),
(28, 'CTED-027', 'RTG-17', '47', '1', '0000-00-00', ''),
(29, 'CTED-028', 'RTG-18', '47', '1', '0000-00-00', ''),
(30, 'CTED-029', 'RTG-19', '47', '1', '0000-00-00', ''),
(31, 'CTED-030', 'RTG-20', '47', '1', '0000-00-00', ''),
(32, 'CTED-031', 'RTG-21', '47', '1', '0000-00-00', ''),
(33, 'CTED-032', 'RTG-22', '47', '1', '0000-00-00', ''),
(34, 'CTED-033', 'RTG-23', '47', '1', '0000-00-00', ''),
(36, 'CTED-035', 'RTG-24', '47', '1', '0000-00-00', ''),
(37, 'CTED-036', 'RTG-25', '47', '1', '0000-00-00', ''),
(38, 'CTED-037', 'RTG-26', '47', '1', '0000-00-00', ''),
(39, 'CTED-038', 'RTG-27', '47', '1', '0000-00-00', ''),
(40, 'CTED-039', 'RTG-28', '47', '1', '0000-00-00', ''),
(41, 'CTED-040', 'RTG-31', '47', '1', '0000-00-00', ''),
(42, 'CTED-041', 'RTG-32', '47', '1', '0000-00-00', ''),
(43, 'CTED-042', 'RTG-33', '47', '1', '0000-00-00', ''),
(44, 'CTED-043', 'RTG-34', '47', '1', '0000-00-00', ''),
(45, 'CTED-044', 'RTG-35', '47', '1', '0000-00-00', ''),
(46, 'CTED-045', 'RTG-36', '47', '1', '0000-00-00', ''),
(47, 'CTED-046', 'RTG-37', '47', '1', '0000-00-00', ''),
(48, 'CTED-047', 'RTG-38', '47', '1', '0000-00-00', ''),
(49, 'CTED-048', 'SP-08', '51', '1', '0000-00-00', '1'),
(50, 'CTED-049', 'SP-09', '51', '1', '0000-00-00', '1'),
(51, 'CTED-050', 'SP-10', '51', '1', '0000-00-00', '1'),
(52, 'CTED-051', 'SP-11', '51', '1', '0000-00-00', '1'),
(53, 'CTED-052', 'SP-12', '51', '1', '0000-00-00', '1'),
(54, 'CTED-053', 'SP-13', '51', '1', '0000-00-00', '1'),
(55, 'CTED-054', 'SP-14', '51', '1', '0000-00-00', '1'),
(56, 'CTED-055', 'SP-15', '51', '1', '0000-00-00', '1'),
(57, 'CTED-056', 'SP-16', '51', '1', '0000-00-00', '1'),
(58, 'CTED-057', 'SP-17', '51', '1', '0000-00-00', '1'),
(59, 'CTED-058', 'SP-19', '51', '1', '0000-00-00', '1'),
(60, 'CTED-059', 'SP-22', '51', '1', '0000-00-00', '1'),
(61, 'CTED-060', 'SP-23', '51', '1', '0000-00-00', '1'),
(62, 'CTED-061', 'SP-24', '51', '1', '0000-00-00', '1'),
(63, 'CTED-062', 'SP-25', '51', '1', '0000-00-00', '1'),
(64, 'CTED-063', 'SP-26', '51', '1', '0000-00-00', '1'),
(65, 'CTED-064', 'SP-27', '51', '1', '0000-00-00', '1'),
(66, 'CTED-065', 'SP-28', '51', '1', '0000-00-00', '1'),
(67, 'CTED-066', 'SP-30', '51', '1', '0000-00-00', '1'),
(68, 'CTED-067', 'SP-31', '51', '1', '0000-00-00', '1'),
(69, 'CTED-068', 'SP-32', '51', '1', '0000-00-00', '1'),
(70, 'CTED-069', 'SP-33', '51', '1', '0000-00-00', '1'),
(71, 'CTED-070', 'SP-35', '51', '1', '0000-00-00', '1'),
(72, 'CTED-071', 'SP-36', '51', '1', '0000-00-00', '1'),
(73, 'CTED-072', 'SP-37', '51', '1', '0000-00-00', '1'),
(74, 'CTED-073', 'SP-39', '51', '1', '0000-00-00', '1'),
(75, 'CTED-074', 'SP-40', '51', '1', '0000-00-00', '1'),
(76, 'CTED-075', 'SP-41', '51', '1', '0000-00-00', '1'),
(77, 'CTED-076', 'SP-42', '51', '1', '0000-00-00', '1'),
(78, 'CTED-077', 'SP-43', '51', '1', '0000-00-00', '1'),
(79, 'CTED-078', 'SP-44', '51', '1', '0000-00-00', '1'),
(80, 'CTED-079', 'SP-45', '51', '1', '0000-00-00', '1'),
(81, 'CTED-080', 'SP-46', '51', '1', '0000-00-00', '1'),
(82, 'CTED-081', 'SP-47', '51', '1', '0000-00-00', '1'),
(83, 'CTED-082', 'SP-48', '51', '1', '0000-00-00', '1'),
(84, 'CTED-083', 'SP-49', '51', '1', '0000-00-00', '1'),
(85, 'CTED-084', 'SP-50', '51', '1', '0000-00-00', '1'),
(86, 'CTED-085', 'SP-51', '51', '1', '0000-00-00', '1'),
(87, 'CTED-086', 'SP-52', '51', '1', '0000-00-00', '1'),
(88, 'CTED-087', 'SP-53', '51', '1', '0000-00-00', '1'),
(89, 'CTED-088', 'SP-54', '51', '1', '0000-00-00', '1'),
(90, 'CTED-089', 'SP-55', '51', '1', '0000-00-00', '1'),
(91, 'CTED-090', 'SP-56', '51', '1', '0000-00-00', '1'),
(92, 'CTED-091', 'SP-57', '51', '1', '0000-00-00', '1'),
(93, 'CTED-092', 'SP-58', '51', '1', '0000-00-00', '1'),
(94, 'CTED-093', 'SP-59', '51', '1', '0000-00-00', '1'),
(95, 'CTED-094', 'SP-60', '51', '1', '0000-00-00', '1'),
(96, 'CTED-095', 'SP-61', '51', '1', '0000-00-00', '1'),
(97, 'CTED-096', 'SP-62', '51', '1', '0000-00-00', '1'),
(98, 'CTED-097', 'SP-63', '51', '1', '0000-00-00', '1'),
(99, 'CTED-098', 'SP-64', '51', '1', '0000-00-00', '1'),
(100, 'CTED-099', 'SP-65', '51', '1', '0000-00-00', '1'),
(101, 'CTED-100', 'SP-66', '51', '1', '0000-00-00', '1'),
(102, 'CTED-101', 'SP-67', '51', '1', '0000-00-00', '1'),
(103, 'CTED-102', 'SP-68', '51', '1', '0000-00-00', '1'),
(104, 'CTED-103', 'SP-69', '51', '1', '0000-00-00', '1'),
(105, 'CTED-104', 'SP-70', '51', '1', '0000-00-00', '1'),
(106, 'CTED-105', 'SP-71', '51', '1', '0000-00-00', '1'),
(107, 'CTED-106', 'SP-72', '51', '1', '0000-00-00', '1'),
(108, 'CTED-107', 'SP-73', '51', '1', '0000-00-00', '1'),
(109, 'CTED-108', 'SP-74', '51', '1', '0000-00-00', '1'),
(110, 'CTED-109', 'SP-75', '51', '1', '0000-00-00', '1'),
(111, 'CTED-110', 'SP-76', '51', '1', '0000-00-00', '1'),
(112, 'CTED-111', 'SP-77', '51', '1', '0000-00-00', '1'),
(113, 'CTED-112', 'SP-78', '51', '1', '0000-00-00', '1'),
(114, 'CTED-113', 'SP-79', '51', '1', '0000-00-00', '1'),
(115, 'CTED-114', 'SP-80', '51', '1', '0000-00-00', '1'),
(116, 'CTED-115', 'SP-81', '51', '1', '0000-00-00', '1'),
(117, 'CTED-116', 'SP-82', '51', '1', '0000-00-00', '1'),
(118, 'CTED-117', 'SP-83', '51', '1', '0000-00-00', '1'),
(119, 'CTED-118', 'SP-84', '51', '1', '0000-00-00', '1'),
(120, 'CTED-119', 'SP-85', '51', '1', '0000-00-00', '1'),
(121, 'CTED-120', 'SP-86', '51', '1', '0000-00-00', '1'),
(122, 'CTED-121', 'SP-87', '51', '1', '0000-00-00', '1'),
(123, 'CTED-122', 'SP-88', '51', '1', '0000-00-00', '1'),
(124, 'CTED-123', 'SP-89', '51', '1', '0000-00-00', '1'),
(125, 'CTED-124', 'SP-90', '51', '1', '0000-00-00', '1'),
(126, 'CTED-125', 'SP-91', '51', '1', '0000-00-00', '1'),
(127, 'CTED-126', 'SP-92', '51', '1', '0000-00-00', '1'),
(128, 'CTED-127', 'SP-93', '51', '1', '0000-00-00', '1'),
(129, 'CTED-128', 'SP-94', '51', '1', '0000-00-00', '1'),
(130, 'CTED-129', 'SP-95', '51', '1', '0000-00-00', '1'),
(131, 'CTED-130', 'SP-96', '51', '1', '0000-00-00', '1'),
(132, 'CTED-131', 'SP-97', '51', '1', '0000-00-00', '1'),
(133, 'CTED-132', 'SP-98', '51', '1', '0000-00-00', '1'),
(134, 'CTED-133', 'SP-99', '51', '1', '0000-00-00', '1'),
(135, 'CTED-134', 'SP-100', '51', '1', '0000-00-00', '1'),
(136, 'CTED-135', 'SP-101', '51', '1', '0000-00-00', '1'),
(137, 'CTED-136', 'SP-102', '51', '1', '0000-00-00', '1'),
(138, 'CTED-137', 'SP-103', '51', '1', '0000-00-00', '1'),
(139, 'CTED-138', 'SP-104', '51', '1', '0000-00-00', '1'),
(140, 'CTED-139', 'SP-139', '51', '1', '0000-00-00', '1'),
(141, 'CTED-140', 'FLT-04', '49', '1', '0000-00-00', '1'),
(142, 'CTED-141', 'FLT-06', '49', '1', '0000-00-00', '1'),
(143, 'CTED-142', 'FLT-07', '49', '1', '0000-00-00', '1'),
(144, 'CTED-143', 'FLT-08', '49', '1', '0000-00-00', '1'),
(145, 'CTED-144', 'FLT-11', '49', '1', '0000-00-00', '1'),
(146, 'CTED-145', 'FLT-12', '49', '1', '0000-00-00', '1'),
(147, 'CTED-146', 'FLT-13', '49', '1', '0000-00-00', '1'),
(148, 'CTED-147', 'FLT-15', '49', '1', '0000-00-00', '1'),
(149, 'CTED-148', 'RST-17', '48', '1', '0000-00-00', '1'),
(150, 'CTED-149', 'FLT-18', '49', '1', '0000-00-00', '1'),
(151, 'CTED-150', 'FLT-19', '49', '1', '0000-00-00', '1'),
(152, 'CTED-151', 'FLT-20', '49', '1', '0000-00-00', '1'),
(153, 'CTED-152', 'FLT-21', '49', '1', '0000-00-00', '1'),
(154, 'CTED-153', 'FLT-22', '49', '1', '0000-00-00', '1'),
(155, 'CTED-154', 'FLT-23', '49', '1', '0000-00-00', '1'),
(156, 'CTED-155', 'FLT-24', '49', '1', '0000-00-00', '1'),
(157, 'CTED-156', 'FLT-25', '49', '1', '0000-00-00', '1'),
(158, 'CTED-157', 'FLT-26', '49', '1', '0000-00-00', '1'),
(159, 'CTED-158', 'FLT-27', '49', '1', '0000-00-00', '1'),
(160, 'CTED-159', 'RST-28', '48', '1', '0000-00-00', '1'),
(161, 'CTED-160', 'SP-105', '51', '1', '0000-00-00', '1'),
(162, 'CTED-161', 'SP-106', '51', '1', '0000-00-00', '1'),
(163, 'CTED-162', 'SP-107', '51', '1', '0000-00-00', '1'),
(164, 'CTED-163', 'SP-108', '51', '1', '0000-00-00', '1'),
(165, 'CTED-164', 'SP-109', '51', '1', '0000-00-00', '1'),
(166, 'CTED-165', 'SP-110', '51', '1', '0000-00-00', '1'),
(167, 'CTED-166', 'SP-111', '51', '1', '0000-00-00', '1'),
(168, 'CTED-167', 'SP-112', '51', '1', '0000-00-00', '1'),
(169, 'CTED-168', 'SP-113', '51', '1', '0000-00-00', '1'),
(170, 'CTED-169', 'SP-114', '51', '1', '0000-00-00', '1'),
(171, 'CTED-170', 'SP-115', '51', '1', '0000-00-00', '1'),
(172, 'CTED-171', 'SP-116', '51', '1', '0000-00-00', '1'),
(173, 'CTED-172', 'SP-117', '51', '1', '0000-00-00', '1'),
(174, 'CTED-173', 'SP-118', '51', '1', '0000-00-00', '1'),
(175, 'CTED-174', 'SP-119', '51', '1', '0000-00-00', '1'),
(176, 'CTED-175', 'SP-120', '51', '1', '0000-00-00', '1'),
(177, 'CTED-176', 'SP-121', '51', '1', '0000-00-00', '1'),
(178, 'CTED-177', 'SP-122', '51', '1', '0000-00-00', '1'),
(179, 'CTED-178', 'SP-123', '51', '1', '0000-00-00', '1'),
(180, 'CTED-179', 'SP-124', '51', '1', '0000-00-00', '1'),
(181, 'CTED-180', 'SP-125', '51', '1', '0000-00-00', '1'),
(182, 'CTED-181', 'SP-126', '51', '1', '0000-00-00', '1'),
(183, 'CTED-182', 'SP-127', '51', '1', '0000-00-00', '1'),
(184, 'CTED-183', 'SP-128', '51', '1', '0000-00-00', '1'),
(185, 'CTED-184', 'SP-129', '51', '1', '0000-00-00', '1'),
(186, 'CTED-185', 'SP-130', '51', '1', '0000-00-00', '1'),
(187, 'CTED-186', 'SP-131', '51', '1', '0000-00-00', '1'),
(188, 'CTED-187', 'SP-132', '51', '1', '0000-00-00', '1'),
(189, 'CTED-188', 'SP-133', '51', '1', '0000-00-00', '1'),
(190, 'CTED-189', 'SP-134', '51', '1', '0000-00-00', '1'),
(191, 'CTED-190', 'SP-135', '51', '1', '0000-00-00', '1'),
(192, 'CTED-191', 'SP-136', '51', '1', '0000-00-00', '1'),
(193, 'CTED-192', 'SP-137', '51', '1', '0000-00-00', '1'),
(194, 'CTED-193', 'SP-138', '51', '1', '0000-00-00', '1'),
(201, 'CTED-197', 'SP-01', '51', '1', '0000-00-00', ''),
(202, 'CTED-198', 'SP-02', '51', '1', '0000-00-00', ''),
(203, 'CTED-199', 'SP-20', '51', '1', '0000-00-00', ''),
(204, 'CTED-200', 'SP-21', '51', '1', '0000-00-00', ''),
(205, 'CTED-201', 'MHC-01', '50', '1', '0000-00-00', ''),
(206, 'CTED-202', 'MHC-04', '50', '1', '0000-00-00', ''),
(207, 'CTED-203', 'MHC-05', '50', '1', '0000-00-00', ''),
(208, 'CTED-204', 'SC-161', '56', '1', '0000-00-00', ''),
(209, 'CTED-205', 'SC-162', '56', '1', '0000-00-00', ''),
(210, 'CTED-206', 'SC-163', '56', '1', '0000-00-00', ''),
(211, 'CTED-201', 'TS-01', '58', '1', '0000-00-00', ''),
(212, 'CTED-202', 'TS-02', '58', '1', '0000-00-00', ''),
(213, 'CTED-203', 'TS-03', '58', '1', '0000-00-00', ''),
(214, 'CTED-204', 'TS-04', '58', '1', '0000-00-00', ''),
(215, 'CTED-205', 'TS-05', '58', '1', '0000-00-00', ''),
(216, 'CTED-206', 'TS-06', '58', '1', '0000-00-00', ''),
(217, 'CTED-207', 'RST-29', '48', '1', '0000-00-00', ''),
(218, 'CTED-208', 'CH-01', '51', '1', '0000-00-00', ''),
(219, 'CTED-209', 'CH-02', '51', '1', '0000-00-00', ''),
(220, 'CTED-210', 'CH-03', '51', '1', '0000-00-00', ''),
(221, 'CTED-211', 'CH-04', '51', '1', '0000-00-00', ''),
(222, 'CTED-212', 'CH-05', '51', '1', '0000-00-00', ''),
(223, 'CTED-213', 'CH-06', '51', '1', '0000-00-00', ''),
(224, 'CTED-214', 'CH-07', '51', '1', '0000-00-00', ''),
(225, 'CTED-215', 'CH-08', '51', '1', '0000-00-00', ''),
(226, 'CTED-216', 'CH-07', '51', '1', '0000-00-00', ''),
(227, 'CTED-217', 'CH-06', '51', '1', '0000-00-00', ''),
(228, 'CTED-218', 'CH-09', '51', '1', '0000-00-00', ''),
(229, 'CTED-219', 'CH-42', '51', '1', '0000-00-00', ''),
(230, 'CTED-220', 'CH-56', '51', '1', '0000-00-00', ''),
(231, 'CTED-221', 'RTG-42', '47', '1', '0000-00-00', ''),
(232, 'CTED-222', 'RTG-43', '47', '1', '0000-00-00', ''),
(233, 'CTED-223', 'RTG-44', '47', '1', '0000-00-00', ''),
(234, 'CTED-224', 'QGC-15', '46', '1', '0000-00-00', ''),
(235, 'CTED-225', 'QGC-16', '46', '1', '0000-00-00', ''),
(236, 'CTED-226', 'RTG-45', '47', '1', '0000-00-00', ''),
(237, 'CTED-227', 'RTG-46', '47', '1', '0000-00-00', ''),
(238, 'CTED-228', 'RTG-47', '47', '1', '0000-00-00', ''),
(239, 'CTED-229', 'QGC-17', '46', '1', '0000-00-00', ''),
(240, 'CTED-230', 'QGC-18', '46', '1', '0000-00-00', ''),
(241, 'CTED-231', 'TS 07', '59', '1', '0000-00-00', ''),
(242, 'CTED-232', 'TS 08', '59', '1', '0000-00-00', ''),
(243, 'CTED-233', 'TS 09', '59', '1', '0000-00-00', ''),
(244, 'CTED-234', 'TS 10', '59', '1', '0000-00-00', ''),
(245, 'CTED-235', 'TS 11', '59', '1', '0000-00-00', ''),
(246, 'CTED-236', 'TS 12', '59', '1', '0000-00-00', ''),
(247, 'CTED-237', 'TS 13', '59', '1', '0000-00-00', ''),
(248, 'CTED-238', 'TS 14', '59', '1', '0000-00-00', ''),
(249, 'CTED-239', 'TS 15', '59', '1', '0000-00-00', ''),
(250, 'CTED-240', 'TS 16', '59', '1', '0000-00-00', ''),
(251, 'CTED-241', 'TS 17', '59', '1', '0000-00-00', ''),
(252, 'CTED-242', 'TS 18', '59', '1', '0000-00-00', '');

-- --------------------------------------------------------

--
-- Table structure for table `history`
--

CREATE TABLE `history` (
  `id` int(10) UNSIGNED NOT NULL,
  `type_id` int(10) UNSIGNED NOT NULL,
  `user_id` int(10) UNSIGNED NOT NULL,
  `entity_id` int(10) UNSIGNED DEFAULT NULL,
  `icon` varchar(191) DEFAULT NULL,
  `class` varchar(191) DEFAULT NULL,
  `text` varchar(191) NOT NULL,
  `assets` text DEFAULT NULL,
  `created_at` timestamp NULL DEFAULT NULL,
  `updated_at` timestamp NULL DEFAULT NULL
) ENGINE=InnoDB DEFAULT CHARSET=utf8mb4 COLLATE=utf8mb4_unicode_ci;

-- --------------------------------------------------------

--
-- Table structure for table `history_types`
--

CREATE TABLE `history_types` (
  `id` int(10) UNSIGNED NOT NULL,
  `name` varchar(191) NOT NULL,
  `created_at` timestamp NULL DEFAULT NULL,
  `updated_at` timestamp NULL DEFAULT NULL
) ENGINE=InnoDB DEFAULT CHARSET=utf8mb4 COLLATE=utf8mb4_unicode_ci;

-- --------------------------------------------------------

--
-- Table structure for table `inv_challan`
--

CREATE TABLE `inv_challan` (
  `id` int(11) NOT NULL,
  `challan_no` varchar(100) NOT NULL,
  `challan_date` varchar(100) NOT NULL,
  `csn` varchar(100) NOT NULL,
  `remarks` longtext NOT NULL,
  `status` varchar(100) NOT NULL
) ENGINE=InnoDB DEFAULT CHARSET=utf8 COLLATE=utf8_general_ci;

-- --------------------------------------------------------

--
-- Table structure for table `inv_complain`
--

CREATE TABLE `inv_complain` (
  `id` int(11) NOT NULL,
  `complain_id` varchar(100) NOT NULL,
  `date` varchar(100) NOT NULL,
  `vehicle_reg_no` varchar(100) NOT NULL,
  `client_name` varchar(100) NOT NULL,
  `address` varchar(1000) NOT NULL,
  `chasis_no` varchar(100) NOT NULL,
  `brand_model` varchar(100) NOT NULL,
  `engine_no` varchar(100) NOT NULL,
  `owner_phone` varchar(100) NOT NULL,
  `email` varchar(100) NOT NULL,
  `driver_phone` varchar(100) NOT NULL,
  `milege` varchar(100) NOT NULL
) ENGINE=InnoDB DEFAULT CHARSET=utf8 COLLATE=utf8_general_ci;

-- --------------------------------------------------------

--
-- Table structure for table `inv_complaindetails`
--

CREATE TABLE `inv_complaindetails` (
  `id` int(11) NOT NULL,
  `complain_id` varchar(100) NOT NULL,
  `complain_details` varchar(5000) NOT NULL,
  `status` varchar(100) NOT NULL
) ENGINE=InnoDB DEFAULT CHARSET=utf8 COLLATE=utf8_general_ci;

-- --------------------------------------------------------

--
-- Table structure for table `inv_designation`
--

CREATE TABLE `inv_designation` (
  `id` int(11) NOT NULL,
  `des_id` varchar(100) NOT NULL,
  `designation` varchar(200) NOT NULL
) ENGINE=InnoDB DEFAULT CHARSET=utf8 COLLATE=utf8_general_ci;

-- --------------------------------------------------------

--
-- Table structure for table `inv_employee`
--

CREATE TABLE `inv_employee` (
  `id` int(11) NOT NULL,
  `employee_id` varchar(100) NOT NULL,
  `name` varchar(100) NOT NULL,
  `designation` varchar(100) NOT NULL,
  `department` varchar(100) NOT NULL,
  `grade` varchar(100) NOT NULL,
  `category` varchar(100) NOT NULL,
  `company` varchar(100) NOT NULL,
  `division` varchar(100) NOT NULL,
  `branch` varchar(100) NOT NULL,
  `section` varchar(100) NOT NULL,
  `location` varchar(100) NOT NULL,
  `join_date` varchar(100) NOT NULL,
  `status` varchar(100) NOT NULL,
  `sex` varchar(100) NOT NULL
) ENGINE=InnoDB DEFAULT CHARSET=utf8 COLLATE=utf8_general_ci;

-- --------------------------------------------------------

--
-- Table structure for table `inv_ga_listunit`
--

CREATE TABLE `inv_ga_listunit` (
  `id` int(11) NOT NULL,
  `lunit_id` varchar(10) CHARACTER SET utf8 COLLATE utf8_general_ci NOT NULL,
  `lunit_name` varchar(25) CHARACTER SET utf8 COLLATE utf8_general_ci NOT NULL
) ENGINE=InnoDB DEFAULT CHARSET=latin1 COLLATE=latin1_swedish_ci;

-- --------------------------------------------------------

--
-- Table structure for table `inv_invoice`
--

CREATE TABLE `inv_invoice` (
  `id` int(11) NOT NULL,
  `invoice_no` varchar(100) NOT NULL,
  `invoice_date` varchar(100) NOT NULL,
  `job_card_no` varchar(100) NOT NULL,
  `total_qty` varchar(100) NOT NULL,
  `total_amount` varchar(100) NOT NULL,
  `total_service` varchar(100) NOT NULL,
  `grand_total` varchar(100) NOT NULL,
  `debit` varchar(100) NOT NULL,
  `credit` varchar(100) NOT NULL,
  `status` varchar(100) NOT NULL
) ENGINE=InnoDB DEFAULT CHARSET=utf8 COLLATE=utf8_general_ci;

-- --------------------------------------------------------

--
-- Table structure for table `inv_invoice_details`
--

CREATE TABLE `inv_invoice_details` (
  `id` int(11) NOT NULL,
  `invoice_no` varchar(100) NOT NULL,
  `material_id` varchar(100) NOT NULL,
  `qty` varchar(100) NOT NULL,
  `unit_price` varchar(100) NOT NULL,
  `part_no` varchar(100) NOT NULL
) ENGINE=InnoDB DEFAULT CHARSET=utf8 COLLATE=utf8_general_ci;

-- --------------------------------------------------------

--
-- Table structure for table `inv_issue`
--

CREATE TABLE `inv_issue` (
  `id` int(11) NOT NULL,
  `issue_id` varchar(25) NOT NULL,
  `issue_date` date NOT NULL,
  `received_by` varchar(100) NOT NULL,
  `receiver_phone` varchar(100) NOT NULL,
  `use_in` varchar(30) NOT NULL,
  `no_of_material` int(11) NOT NULL,
  `total_amount` float NOT NULL,
  `remarks` varchar(100) CHARACTER SET utf8 COLLATE utf8_general_ci NOT NULL,
  `project_id` varchar(25) CHARACTER SET utf8 COLLATE utf8_general_ci NOT NULL,
  `warehouse_id` varchar(100) NOT NULL,
  `issued_by` varchar(100) NOT NULL,
  `approval_status` tinyint(1) NOT NULL DEFAULT 0,
  `approved_by` varchar(100) NOT NULL,
  `approved_at` datetime DEFAULT NULL,
  `approval_remarks` longtext NOT NULL,
  `issue_image` varchar(1000) NOT NULL,
  `created_at` date NOT NULL,
  `updated_at` timestamp NOT NULL DEFAULT current_timestamp()
) ENGINE=InnoDB DEFAULT CHARSET=latin1 COLLATE=latin1_swedish_ci;

--
-- Dumping data for table `inv_issue`
--

INSERT INTO `inv_issue` (`id`, `issue_id`, `issue_date`, `received_by`, `receiver_phone`, `use_in`, `no_of_material`, `total_amount`, `remarks`, `project_id`, `warehouse_id`, `issued_by`, `approval_status`, `approved_by`, `approved_at`, `approval_remarks`, `issue_image`, `created_at`, `updated_at`) VALUES
(9230, 'IS-CW-001', '2023-08-23', '', '', '', 0, 2250, 'okay', '1', '1', '1', 0, '', NULL, '', '', '0000-00-00', '2023-08-23 06:20:16');

-- --------------------------------------------------------

--
-- Table structure for table `inv_issuedetail`
--

CREATE TABLE `inv_issuedetail` (
  `id` int(11) NOT NULL,
  `issue_id` varchar(15) CHARACTER SET utf8 COLLATE utf8_general_ci NOT NULL,
  `issue_date` date NOT NULL,
  `material_id` varchar(30) CHARACTER SET utf8 COLLATE utf8_general_ci NOT NULL,
  `material_name` varchar(100) NOT NULL,
  `unit` varchar(100) NOT NULL,
  `issue_qty` float NOT NULL,
  `issue_price` float NOT NULL,
  `part_no` varchar(200) NOT NULL,
  `use_in` varchar(50) NOT NULL,
  `project_id` varchar(100) NOT NULL,
  `warehouse_id` varchar(100) NOT NULL,
  `package_id` varchar(100) NOT NULL,
  `building_id` varchar(100) NOT NULL,
  `approval_status` tinyint(1) NOT NULL DEFAULT 0,
  `is_manual_code_edit` tinyint(1) NOT NULL DEFAULT 0 COMMENT 'for checking manual code update'
) ENGINE=InnoDB DEFAULT CHARSET=latin1 COLLATE=latin1_swedish_ci;

--
-- Dumping data for table `inv_issuedetail`
--

INSERT INTO `inv_issuedetail` (`id`, `issue_id`, `issue_date`, `material_id`, `material_name`, `unit`, `issue_qty`, `issue_price`, `part_no`, `use_in`, `project_id`, `warehouse_id`, `package_id`, `building_id`, `approval_status`, `is_manual_code_edit`) VALUES
(29580, 'IS-CW-001', '2023-08-23', '02-04-003', '832', '22', 2, 450, '', '', '1', '1', 'PCK-001', '', 0, 0),
(29581, 'IS-CW-001', '2023-08-23', '02-04-003', '832', '22', 3, 450, '', '', '1', '1', 'PCK-002', '', 0, 0);

-- --------------------------------------------------------

--
-- Table structure for table `inv_item_unit`
--

CREATE TABLE `inv_item_unit` (
  `id` int(11) NOT NULL,
  `unit_name` varchar(400) NOT NULL
) ENGINE=InnoDB DEFAULT CHARSET=utf8 COLLATE=utf8_general_ci;

--
-- Dumping data for table `inv_item_unit`
--

INSERT INTO `inv_item_unit` (`id`, `unit_name`) VALUES
(22, 'BAG'),
(23, 'TON'),
(24, 'KG'),
(25, 'NOS'),
(26, 'CFT'),
(27, 'CUM'),
(28, 'Pcs'),
(29, 'Packet'),
(30, 'Ltr'),
(31, 'Pair'),
(32, 'Roll'),
(33, 'Set'),
(34, 'Koil'),
(35, 'Mtr'),
(36, 'Box'),
(37, 'Rim'),
(38, 'Gaj'),
(39, 'Feet'),
(40, 'Sqm'),
(41, 'SFT'),
(42, 'Ton');

-- --------------------------------------------------------

--
-- Table structure for table `inv_job_card`
--

CREATE TABLE `inv_job_card` (
  `id` int(11) NOT NULL,
  `job_card_no` varchar(100) NOT NULL,
  `date` varchar(100) NOT NULL,
  `complain_id` varchar(100) NOT NULL,
  `milege` varchar(100) NOT NULL,
  `remarks` longtext NOT NULL,
  `inv_status` varchar(100) NOT NULL
) ENGINE=InnoDB DEFAULT CHARSET=utf8 COLLATE=utf8_general_ci;

-- --------------------------------------------------------

--
-- Table structure for table `inv_job_card_details`
--

CREATE TABLE `inv_job_card_details` (
  `id` int(11) NOT NULL,
  `job_card_no` varchar(100) NOT NULL,
  `task_details` varchar(100) NOT NULL,
  `assign_to` varchar(100) NOT NULL
) ENGINE=InnoDB DEFAULT CHARSET=utf8 COLLATE=utf8_general_ci;

-- --------------------------------------------------------

--
-- Table structure for table `inv_material`
--

CREATE TABLE `inv_material` (
  `id` int(11) NOT NULL,
  `material_id_code` varchar(10) DEFAULT NULL,
  `material_id` varchar(15) CHARACTER SET utf8 COLLATE utf8_general_ci DEFAULT NULL,
  `material_sub_id` varchar(25) CHARACTER SET utf8 COLLATE utf8_general_ci DEFAULT NULL,
  `material_description` varchar(75) CHARACTER SET utf8 COLLATE utf8_general_ci DEFAULT NULL,
  `brand_name` varchar(100) CHARACTER SET utf8 COLLATE utf8_general_ci NOT NULL,
  `spec` varchar(100) NOT NULL,
  `location` varchar(100) NOT NULL,
  `type` varchar(100) NOT NULL,
  `material_min_stock` int(11) DEFAULT NULL,
  `avg_con_sump` int(11) DEFAULT NULL,
  `lead_time` int(11) DEFAULT NULL,
  `re_order_level` int(11) NOT NULL,
  `qty_unit` varchar(15) CHARACTER SET utf8 COLLATE utf8_general_ci DEFAULT NULL,
  `op_balance_qty` int(11) NOT NULL,
  `op_balance_val` int(11) NOT NULL,
  `chk_print` int(11) DEFAULT NULL,
  `cur_qty` int(11) DEFAULT NULL,
  `cur_price` int(11) DEFAULT NULL,
  `cur_value` int(11) DEFAULT NULL,
  `last_issue` date DEFAULT NULL,
  `last_receive` date DEFAULT NULL,
  `part_no` varchar(100) NOT NULL,
  `current_balance` float NOT NULL,
  `is_manual_code_edit` tinyint(4) NOT NULL DEFAULT 0
) ENGINE=InnoDB DEFAULT CHARSET=latin1 COLLATE=latin1_swedish_ci;

--
-- Dumping data for table `inv_material`
--

INSERT INTO `inv_material` (`id`, `material_id_code`, `material_id`, `material_sub_id`, `material_description`, `brand_name`, `spec`, `location`, `type`, `material_min_stock`, `avg_con_sump`, `lead_time`, `re_order_level`, `qty_unit`, `op_balance_qty`, `op_balance_val`, `chk_print`, `cur_qty`, `cur_price`, `cur_value`, `last_issue`, `last_receive`, `part_no`, `current_balance`, `is_manual_code_edit`) VALUES
(820, '02-01-001', '144', '434', '10mm Rod 500W TMT', '10mm Rod 500W TMT', '', '', 'CIVIL', 0, NULL, NULL, 0, '42', 0, 0, NULL, NULL, NULL, NULL, NULL, NULL, '', 0, 0),
(821, '02-01-002', '144', '434', '12mm Rod 500W TMT', '12mm Rod 500W TMT', '', '', 'CIVIL', 0, NULL, NULL, 0, '42', 0, 0, NULL, NULL, NULL, NULL, NULL, NULL, '', 0, 0),
(822, '02-01-003', '144', '434', '16mm Rod 500W TMT', '16mm Rod 500W TMT', '', '', 'CIVIL', 0, NULL, NULL, 0, '42', 0, 0, NULL, NULL, NULL, NULL, NULL, NULL, '', 0, 0),
(823, '02-01-004', '144', '434', '20mm Rod 500W TMT', '20mm Rod 500W TMT', '', '', 'CIVIL', 0, NULL, NULL, 0, '42', 0, 0, NULL, NULL, NULL, NULL, NULL, NULL, '', 0, 0),
(824, '02-01-005', '144', '434', '25mm Rod 500W TMT', '25mm Rod 500W TMT', '', '', 'CIVIL', 0, NULL, NULL, 0, '42', 0, 0, NULL, NULL, NULL, NULL, NULL, NULL, '', 0, 0),
(825, '02-02-001', '144', '435', 'Sylhet Sand 2.3Fm', 'Sylhet Sand 2.3Fm', '', '', 'CIVIL', 0, NULL, NULL, 0, '26', 0, 0, NULL, NULL, NULL, NULL, NULL, NULL, '', 0, 0),
(826, '02-02-002', '144', '435', 'Sylhet Sand 2.4Fm', 'Sylhet Sand 2.4Fm', '', '', 'CIVIL', 0, NULL, NULL, 0, '26', 0, 0, NULL, NULL, NULL, NULL, NULL, NULL, '', 0, 0),
(827, '02-02-003', '144', '435', 'Sylhet Sand 2.5Fm', 'Sylhet Sand 2.5Fm', '', '', 'CIVIL', 0, NULL, NULL, 0, '26', 0, 0, NULL, NULL, NULL, NULL, NULL, NULL, '', 0, 0),
(828, '02-03-001', '144', '436', '05mm-10mm Down Stone', '05mm-10mm Down Stone', '', '', 'CIVIL', 0, NULL, NULL, 0, '42', 0, 0, NULL, NULL, NULL, NULL, NULL, NULL, '', 0, 0),
(829, '02-03-002', '144', '436', '10mm-20mm Down Stone', '10mm-20mm Down Stone', '', '', 'CIVIL', 0, NULL, NULL, 0, '42', 0, 0, NULL, NULL, NULL, NULL, NULL, NULL, '', 0, 0),
(830, '02-04-001', '144', '437', 'Bulk Cement', 'Bulk Cement', '', '', 'CIVIL', 0, NULL, NULL, 0, '42', 0, 0, NULL, NULL, NULL, NULL, NULL, NULL, '', 0, 0),
(831, '02-04-002', '144', '437', 'Bag Cement (PCC)', 'Bag Cement (PCC)', '', '', 'CIVIL', 0, NULL, NULL, 0, '22', 0, 0, NULL, NULL, NULL, NULL, NULL, NULL, '', 0, 0),
(832, '02-04-003', '144', '437', 'Bag Cement (OPC)', 'Bag Cement (OPC)', '', '', 'CIVIL', 0, NULL, NULL, 0, '22', 0, 0, NULL, NULL, NULL, NULL, NULL, NULL, '', 95, 0),
(833, '04-02-001', '146', '458', 'Circuit Breaker 16A Single', 'Circuit Breaker 16A Single', '', '', 'ELECTRICAL', 0, NULL, NULL, 0, '28', 0, 0, NULL, NULL, NULL, NULL, NULL, NULL, '', 0, 0),
(834, '04-02-002', '146', '458', 'Circuit Breaker 20A Single', 'Circuit Breaker 20A Single', '', '', 'ELECTRICAL', 0, NULL, NULL, 0, '28', 0, 0, NULL, NULL, NULL, NULL, NULL, NULL, '', 0, 0),
(835, '04-02-003', '146', '458', 'Circuit Breaker 32A Single', 'Circuit Breaker 32A Single', '', '', 'ELECTRICAL', 0, NULL, NULL, 0, '28', 0, 0, NULL, NULL, NULL, NULL, NULL, NULL, '', 0, 0),
(836, '04-02-004', '146', '458', 'Circuit Breaker 63A Single', 'Circuit Breaker 63A Single', '', '', 'ELECTRICAL', 0, NULL, NULL, 0, '28', 0, 0, NULL, NULL, NULL, NULL, NULL, NULL, '', 0, 0),
(837, '04-02-005', '146', '458', 'Circuit Breaker 32A Duble', 'Circuit Breaker 32A Duble', '', '', 'ELECTRICAL', 0, NULL, NULL, 0, '28', 0, 0, NULL, NULL, NULL, NULL, NULL, NULL, '', 0, 0),
(838, '04-02-006', '146', '458', 'Circuit Breaker 63A Duble', 'Circuit Breaker 63A Duble', '', '', 'ELECTRICAL', 0, NULL, NULL, 0, '28', 0, 0, NULL, NULL, NULL, NULL, NULL, NULL, '', 0, 0),
(839, '04-01-001', '146', '459', 'Energy Bulb 12Watt', 'Energy Bulb 12Watt', '', '', 'ELECTRICAL', 0, NULL, NULL, 0, '28', 0, 0, NULL, NULL, NULL, NULL, NULL, NULL, '', 0, 0),
(840, '04-01-002', '146', '459', 'Energy Bulb 20Watt', 'Energy Bulb 20Watt', '', '', 'ELECTRICAL', 0, NULL, NULL, 0, '28', 0, 0, NULL, NULL, NULL, NULL, NULL, NULL, '', 0, 0),
(841, '04-01-003', '146', '459', 'Halogen Light 200Watt', 'Halogen Light 200Watt', '', '', 'ELECTRICAL', 0, NULL, NULL, 0, '28', 0, 0, NULL, NULL, NULL, NULL, NULL, NULL, '', 0, 0),
(842, '04-01-004', '146', '459', 'Halogen Light 300Watt', 'Halogen Light 300Watt', '', '', 'ELECTRICAL', 0, NULL, NULL, 0, '28', 0, 0, NULL, NULL, NULL, NULL, NULL, NULL, '', 0, 0),
(843, '04-01-005', '146', '459', 'Tube Light 20Watt', 'Tube Light 20Watt', '', '', 'ELECTRICAL', 0, NULL, NULL, 0, '28', 0, 0, NULL, NULL, NULL, NULL, NULL, NULL, '', 0, 0),
(844, '04-01-006', '146', '459', 'LED Panel Light 12Watt', 'LED Panel Light 12Watt', '', '', 'ELECTRICAL', 0, NULL, NULL, 0, '28', 0, 0, NULL, NULL, NULL, NULL, NULL, NULL, '', 0, 0),
(845, '04-01-007', '146', '459', 'Tube Light Stand', 'Tube Light Stand', '', '', 'ELECTRICAL', 0, NULL, NULL, 0, '28', 0, 0, NULL, NULL, NULL, NULL, NULL, NULL, '', 0, 0),
(846, '04-03-001', '146', '460', 'Circuit Breaker Box Single', 'Circuit Breaker Box Single', '', '', 'ELECTRICAL', 0, NULL, NULL, 0, '28', 0, 0, NULL, NULL, NULL, NULL, NULL, NULL, '', 0, 0),
(847, '04-03-002', '146', '460', 'Circuit Breaker Box Duble', 'Circuit Breaker Box Duble', '', '', 'ELECTRICAL', 0, NULL, NULL, 0, '28', 0, 0, NULL, NULL, NULL, NULL, NULL, NULL, '', 0, 0),
(848, '04-04-001', '146', '461', 'Combine Round Three Pin Socket', 'Combine Round Three Pin Socke', '', '', 'ELECTRICAL', 0, NULL, NULL, 0, '28', 0, 0, NULL, NULL, NULL, NULL, NULL, NULL, '', 0, 0),
(849, '04-04-002', '146', '461', 'Combine  Three Pin round Socke with Switch', 'Combine  Three Pin round Socke with Switch', '', '', 'ELECTRICAL', 0, NULL, NULL, 0, '28', 0, 0, NULL, NULL, NULL, NULL, NULL, NULL, '', 0, 0),
(850, '04-04-003', '146', '461', 'Combine  Eight Pin round Socke with Switch', 'Combine  Eight Pin round Socke with Switch', '', '', 'ELECTRICAL', 0, NULL, NULL, 0, '28', 0, 0, NULL, NULL, NULL, NULL, NULL, NULL, '', 0, 0),
(851, '04-04-004', '146', '461', 'Two pin Socket', 'Two pin Socket', '', '', 'ELECTRICAL', 0, NULL, NULL, 0, '28', 0, 0, NULL, NULL, NULL, NULL, NULL, NULL, '', 0, 0),
(852, '04-05-001', '146', '462', 'Combine Round Eight pin round  Socket back side', 'Combine Round Eight pin round  Socket back side', '', '', 'ELECTRICAL', 0, NULL, NULL, 0, '28', 0, 0, NULL, NULL, NULL, NULL, NULL, NULL, '', 0, 0),
(853, '04-05-002', '146', '462', 'Combine Round Three  pin round  Socket back side', 'Combine Round Three  pin round  Socket back side', '', '', 'ELECTRICAL', 0, NULL, NULL, 0, '28', 0, 0, NULL, NULL, NULL, NULL, NULL, NULL, '', 0, 0),
(854, '04-06-001', '146', '463', 'Round Three Gang Switch', 'Round Three Gang Switch', '', '', 'ELECTRICAL', 0, NULL, NULL, 0, '28', 0, 0, NULL, NULL, NULL, NULL, NULL, NULL, '', 0, 0),
(855, '04-06-002', '146', '463', 'Round Four Gang Switch', 'Round Four Gang Switch', '', '', 'ELECTRICAL', 0, NULL, NULL, 0, '28', 0, 0, NULL, NULL, NULL, NULL, NULL, NULL, '', 0, 0),
(856, '04-06-003', '146', '463', 'Round One Gang Switch', 'Round One Gang Switch', '', '', 'ELECTRICAL', 0, NULL, NULL, 0, '28', 0, 0, NULL, NULL, NULL, NULL, NULL, NULL, '', 0, 0),
(857, '04-06-004', '146', '463', 'Board Switch', 'Board Switch', '', '', 'ELECTRICAL', 0, NULL, NULL, 0, '28', 0, 0, NULL, NULL, NULL, NULL, NULL, NULL, '', 0, 0),
(858, '04-07-001', '146', '464', 'Round three Gang Switch Back side', 'Round three Gang Switch Back side', '', '', 'ELECTRICAL', 0, NULL, NULL, 0, '28', 0, 0, NULL, NULL, NULL, NULL, NULL, NULL, '', 0, 0),
(859, '04-07-002', '146', '464', 'Round Four Gang Switch Back side', 'Round Four Gang Switch Back side', '', '', 'ELECTRICAL', 0, NULL, NULL, 0, '28', 0, 0, NULL, NULL, NULL, NULL, NULL, NULL, '', 0, 0),
(860, '04-09-001', '146', '466', 'Fan Regulator With Switch', 'Fan Regulator With Switch', '', '', 'ELECTRICAL', 0, NULL, NULL, 0, '28', 0, 0, NULL, NULL, NULL, NULL, NULL, NULL, '', 0, 0),
(861, '04-09-002', '146', '466', 'Fan Regulator', 'Fan Regulator', '', '', 'ELECTRICAL', 0, NULL, NULL, 0, '28', 0, 0, NULL, NULL, NULL, NULL, NULL, NULL, '', 0, 0),
(862, '04-10-001', '146', '467', 'Industrial Socket 16A 3Pin', 'Industrial Socket 16A 3Pin', '', '', 'ELECTRICAL', 0, NULL, NULL, 0, '28', 0, 0, NULL, NULL, NULL, NULL, NULL, NULL, '', 0, 0),
(863, '04-10-002', '146', '467', 'Industrial Socket 32A 3Pin', 'Industrial Socket 32A 3Pin', '', '', 'ELECTRICAL', 0, NULL, NULL, 0, '28', 0, 0, NULL, NULL, NULL, NULL, NULL, NULL, '', 0, 0),
(864, '04-10-003', '146', '467', 'Industrial Socket 32A 4Pin', 'Industrial Socket 32A 4Pin', '', '', 'ELECTRICAL', 0, NULL, NULL, 0, '28', 0, 0, NULL, NULL, NULL, NULL, NULL, NULL, '', 0, 0),
(865, '04-10-004', '146', '467', 'Industrial Socket 32A 5Pin', 'Industrial Socket 32A 5Pin', '', '', 'ELECTRICAL', 0, NULL, NULL, 0, '28', 0, 0, NULL, NULL, NULL, NULL, NULL, NULL, '', 0, 0),
(866, '04-10-005', '146', '467', 'Industrial Socket 63A 5Pin', 'Industrial Socket 63A 5Pin', '', '', 'ELECTRICAL', 0, NULL, NULL, 0, '28', 0, 0, NULL, NULL, NULL, NULL, NULL, NULL, '', 0, 0),
(867, '04-18-001', '146', '475', 'Industrial Plug 63A 5Pin', 'Industrial Plug 63A 5Pin', '', '', 'ELECTRICAL', 0, NULL, NULL, 0, '28', 0, 0, NULL, NULL, NULL, NULL, NULL, NULL, '', 0, 0),
(868, '04-18-002', '146', '475', 'Industrial Plug 32A 5Pin', 'Industrial Plug 32A 5Pin', '', '', 'ELECTRICAL', 0, NULL, NULL, 0, '28', 0, 0, NULL, NULL, NULL, NULL, NULL, NULL, '', 0, 0),
(869, '04-18-003', '146', '475', 'Industrial Plug 32A 4Pin', 'Industrial Plug 32A 4Pin', '', '', 'ELECTRICAL', 0, NULL, NULL, 0, '28', 0, 0, NULL, NULL, NULL, NULL, NULL, NULL, '', 0, 0),
(870, '04-18-004', '146', '475', 'Industrial Plug 32A 3Pin', 'Industrial Plug 32A 3Pin', '', '', 'ELECTRICAL', 0, NULL, NULL, 0, '28', 0, 0, NULL, NULL, NULL, NULL, NULL, NULL, '', 0, 0),
(871, '04-18-005', '146', '475', 'Industrial Plug 16A 3Pin', 'Industrial Plug 16A 3Pin', '', '', 'ELECTRICAL', 0, NULL, NULL, 0, '28', 0, 0, NULL, NULL, NULL, NULL, NULL, NULL, '', 0, 0),
(872, '04-11-001', '146', '468', 'Capacitor 2.5Uf', 'Capacitor 2.5Uf', '', '', 'ELECTRICAL', 0, NULL, NULL, 0, '28', 0, 0, NULL, NULL, NULL, NULL, NULL, NULL, '', 0, 0),
(873, '04-11-002', '146', '468', 'Capacitor 3.5Uf', 'Capacitor 3.5Uf', '', '', 'ELECTRICAL', 0, NULL, NULL, 0, '28', 0, 0, NULL, NULL, NULL, NULL, NULL, NULL, '', 0, 0),
(874, '04-11-003', '146', '468', 'Capacitor 16Uf', 'Capacitor 16Uf', '', '', 'ELECTRICAL', 0, NULL, NULL, 0, '28', 0, 0, NULL, NULL, NULL, NULL, NULL, NULL, '', 0, 0),
(875, '04-11-004', '146', '468', 'Capacitor 35Uf', 'Capacitor 35Uf', '', '', 'ELECTRICAL', 0, NULL, NULL, 0, '28', 0, 0, NULL, NULL, NULL, NULL, NULL, NULL, '', 0, 0),
(876, '04-14-001', '146', '471', 'Cable Tai 100mm', 'Cable Tai 100mm', '', '', 'ELECTRICAL', 0, NULL, NULL, 0, '28', 0, 0, NULL, NULL, NULL, NULL, NULL, NULL, '', 0, 0),
(877, '04-14-002', '146', '471', 'Cable Tai 150mm', 'Cable Tai 150mm', '', '', 'ELECTRICAL', 0, NULL, NULL, 0, '28', 0, 0, NULL, NULL, NULL, NULL, NULL, NULL, '', 0, 0),
(878, '04-14-003', '146', '471', 'Cable Tai 200mm', 'Cable Tai 200mm', '', '', 'ELECTRICAL', 0, NULL, NULL, 0, '28', 0, 0, NULL, NULL, NULL, NULL, NULL, NULL, '', 0, 0),
(879, '04-14-004', '146', '471', 'Cable Tai 300mm', 'Cable Tai 300mm', '', '', 'ELECTRICAL', 0, NULL, NULL, 0, '28', 0, 0, NULL, NULL, NULL, NULL, NULL, NULL, '', 0, 0),
(880, '04-15-001', '146', '472', 'Royel Plug 20mm', 'Royel Plug 20mm', '', '', 'ELECTRICAL', 0, NULL, NULL, 0, '28', 0, 0, NULL, NULL, NULL, NULL, NULL, NULL, '', 0, 0),
(881, '04-15-002', '146', '472', 'Royel Plug 25mm', 'Royel Plug 25mm', '', '', 'ELECTRICAL', 0, NULL, NULL, 0, '28', 0, 0, NULL, NULL, NULL, NULL, NULL, NULL, '', 0, 0),
(882, '04-16-001', '146', '473', 'Electric Clam 20mm', 'Electric Clam 20mm', '', '', 'ELECTRICAL', 0, NULL, NULL, 0, '28', 0, 0, NULL, NULL, NULL, NULL, NULL, NULL, '', 0, 0),
(883, '04-16-002', '146', '473', 'Electric Clam 25mm', 'Electric Clam 25mm', '', '', 'ELECTRICAL', 0, NULL, NULL, 0, '28', 0, 0, NULL, NULL, NULL, NULL, NULL, NULL, '', 0, 0),
(884, '04-08-001', '146', '465', 'Two pin Plug', 'Two pin Plug', '', '', 'ELECTRICAL', 0, NULL, NULL, 0, '28', 0, 0, NULL, NULL, NULL, NULL, NULL, NULL, '', 0, 0),
(885, '04-08-002', '146', '465', 'Three pin Plug', 'Three pin Plug', '', '', 'ELECTRICAL', 0, NULL, NULL, 0, '28', 0, 0, NULL, NULL, NULL, NULL, NULL, NULL, '', 0, 0),
(886, '04-12-001', '146', '469', 'Electric Cable 2.5Rm Red', 'Electric Cable 2.5Rm Red', '', '', 'ELECTRICAL', 0, NULL, NULL, 0, '34', 0, 0, NULL, NULL, NULL, NULL, NULL, NULL, '', 0, 0),
(887, '04-12-002', '146', '469', 'Electric Cable 2.5Rm Black', 'Electric Cable 2.5Rm Black', '', '', 'ELECTRICAL', 0, NULL, NULL, 0, '34', 0, 0, NULL, NULL, NULL, NULL, NULL, NULL, '', 0, 0),
(888, '04-12-003', '146', '469', 'Electric Cable 3.0Rm Black', 'Electric Cable 3.0Rm Black', '', '', 'ELECTRICAL', 0, NULL, NULL, 0, '34', 0, 0, NULL, NULL, NULL, NULL, NULL, NULL, '', 0, 0),
(889, '04-12-004', '146', '469', 'Electric Cable 3.0Rm Red', 'Electric Cable 3.0Rm Red', '', '', 'ELECTRICAL', 0, NULL, NULL, 0, '34', 0, 0, NULL, NULL, NULL, NULL, NULL, NULL, '', 0, 0),
(890, '04-12-005', '146', '469', 'Flexible Cable 3x4Rm', 'Flexible Cable 3x4Rm', '', '', 'ELECTRICAL', 0, NULL, NULL, 0, '35', 0, 0, NULL, NULL, NULL, NULL, NULL, NULL, '', 0, 0),
(891, '04-12-006', '146', '469', 'Flexible Cable 2x3Rm', 'Flexible Cable 2x3Rm', '', '', 'ELECTRICAL', 0, NULL, NULL, 0, '35', 0, 0, NULL, NULL, NULL, NULL, NULL, NULL, '', 0, 0),
(892, '04-12-007', '146', '469', 'Flexible Cable 2x1.2Rm', 'Flexible Cable 2x1.2Rm', '', '', 'ELECTRICAL', 0, NULL, NULL, 0, '35', 0, 0, NULL, NULL, NULL, NULL, NULL, NULL, '', 0, 0),
(893, '04-17-001', '146', '474', 'Thread Tape ', 'Thread Tape ', '', '', 'ELECTRICAL', 0, NULL, NULL, 0, '28', 0, 0, NULL, NULL, NULL, NULL, NULL, NULL, '', 0, 0),
(894, '04-17-002', '146', '474', 'Electric Tape', 'Electric Tape', '', '', 'ELECTRICAL', 0, NULL, NULL, 0, '28', 0, 0, NULL, NULL, NULL, NULL, NULL, NULL, '', 0, 0),
(895, '04-17-003', '146', '474', 'PIB Tape ', 'PIB Tape ', '', '', 'ELECTRICAL', 0, NULL, NULL, 0, '28', 0, 0, NULL, NULL, NULL, NULL, NULL, NULL, '', 0, 0),
(896, '04-17-004', '146', '474', 'Temperature Tape', 'Temperature Tape', '', '', 'ELECTRICAL', 0, NULL, NULL, 0, '28', 0, 0, NULL, NULL, NULL, NULL, NULL, NULL, '', 0, 0),
(897, '04-17-005', '146', '474', 'Bainding Tape', 'Bainding Tape', '', '', 'ELECTRICAL', 0, NULL, NULL, 0, '28', 0, 0, NULL, NULL, NULL, NULL, NULL, NULL, '', 0, 0),
(898, '04-17-006', '146', '474', 'Karton Tape', 'Karton Tape', '', '', 'ELECTRICAL', 0, NULL, NULL, 0, '28', 0, 0, NULL, NULL, NULL, NULL, NULL, NULL, '', 0, 0),
(899, '06-01-001', '148', '443', '  Thread Elbow A¾ Inch', '  Thread Elbow A¾ Inch', '', '', 'SANITARY', 0, NULL, NULL, 0, '28', 0, 0, NULL, NULL, NULL, NULL, NULL, NULL, '', 0, 0),
(900, '06-01-002', '148', '443', 'Thread Elbow A½inch', 'Thread Elbow A½inch', '', '', 'SANITARY', 0, NULL, NULL, 0, '28', 0, 0, NULL, NULL, NULL, NULL, NULL, NULL, '', 0, 0),
(901, '06-01-003', '148', '443', 'Thread Elbow A1 Inch', 'Thread Elbow A1 Inch', '', '', 'SANITARY', 0, NULL, NULL, 0, '28', 0, 0, NULL, NULL, NULL, NULL, NULL, NULL, '', 0, 0),
(902, '06-01-004', '148', '443', 'Thread Elbow 1A½ Inch', 'Thread Elbow 1A½ Inch', '', '', 'SANITARY', 0, NULL, NULL, 0, '28', 0, 0, NULL, NULL, NULL, NULL, NULL, NULL, '', 0, 0),
(903, '06-01-005', '148', '443', 'Thread Elbow 2 Inch', 'Thread Elbow 2 Inch', '', '', 'SANITARY', 0, NULL, NULL, 0, '28', 0, 0, NULL, NULL, NULL, NULL, NULL, NULL, '', 0, 0),
(904, '06-01-006', '148', '443', 'Thread Elbow 1Inch x A½inch', 'Thread Elbow 1Inch x A½inch', '', '', 'SANITARY', 0, NULL, NULL, 0, '28', 0, 0, NULL, NULL, NULL, NULL, NULL, NULL, '', 0, 0),
(905, '06-01-007', '148', '443', 'Thread Elbow 1Inch x A ¾ Inch', 'Thread Elbow 1Inch x A ¾ Inch', '', '', 'SANITARY', 0, NULL, NULL, 0, '28', 0, 0, NULL, NULL, NULL, NULL, NULL, NULL, '', 0, 0),
(906, '06-01-008', '148', '443', 'Thread Elbow  A ¾ Inch x A½ Inch', 'Thread Elbow  A ¾ Inch x A½ Inch', '', '', 'SANITARY', 0, NULL, NULL, 0, '28', 0, 0, NULL, NULL, NULL, NULL, NULL, NULL, '', 0, 0),
(907, '06-01-009', '148', '443', 'Thread Elbow  1Inch A½ x 1 Inch', 'Thread Elbow  1Inch A½ x 1 Inch', '', '', 'SANITARY', 0, NULL, NULL, 0, '28', 0, 0, NULL, NULL, NULL, NULL, NULL, NULL, '', 0, 0),
(908, '06-01-010', '148', '443', 'Plain Elbow 1 Inch', 'Plain Elbow 1 Inch', '', '', 'SANITARY', 0, NULL, NULL, 0, '28', 0, 0, NULL, NULL, NULL, NULL, NULL, NULL, '', 0, 0),
(909, '06-01-011', '148', '443', 'Plain Elbow 2 Inch', 'Plain Elbow 2 Inch', '', '', 'SANITARY', 0, NULL, NULL, 0, '28', 0, 0, NULL, NULL, NULL, NULL, NULL, NULL, '', 0, 0),
(910, '06-02-001', '148', '444', 'Tee A¾Inch x A½Inch  x A¾Inch', 'Tee A¾Inch x A½Inch  x A¾Inch', '', '', 'SANITARY', 0, NULL, NULL, 0, '28', 0, 0, NULL, NULL, NULL, NULL, NULL, NULL, '', 0, 0),
(911, '06-02-002', '148', '444', 'Tee A¾Inch ', 'Tee A¾Inch ', '', '', 'SANITARY', 0, NULL, NULL, 0, '28', 0, 0, NULL, NULL, NULL, NULL, NULL, NULL, '', 0, 0),
(912, '06-02-003', '148', '444', 'Tee 1A½Inch x A½ Inch x 1A½Inch', 'Tee 1A½Inch x A½ Inch x 1A½Inch', '', '', 'SANITARY', 0, NULL, NULL, 0, '28', 0, 0, NULL, NULL, NULL, NULL, NULL, NULL, '', 0, 0),
(913, '06-02-004', '148', '444', 'Tee 1 Inch', 'Tee 1 Inch', '', '', 'SANITARY', 0, NULL, NULL, 0, '28', 0, 0, NULL, NULL, NULL, NULL, NULL, NULL, '', 0, 0),
(914, '06-02-005', '148', '444', 'Tee 1A½ Inch', 'Tee 1A½ Inch', '', '', 'SANITARY', 0, NULL, NULL, 0, '28', 0, 0, NULL, NULL, NULL, NULL, NULL, NULL, '', 0, 0),
(915, '06-02-006', '148', '444', 'Tee 1A½Inch x 1 Inch x 1A½Inch', 'Tee 1A½Inch x 1 Inch x 1A½Inch', '', '', 'SANITARY', 0, NULL, NULL, 0, '28', 0, 0, NULL, NULL, NULL, NULL, NULL, NULL, '', 0, 0),
(916, '06-02-007', '148', '444', 'Tee 1 Inch x A¾Inch x 1 Inch', 'Tee 1 Inch x A¾Inch x 1 Inch', '', '', 'SANITARY', 0, NULL, NULL, 0, '28', 0, 0, NULL, NULL, NULL, NULL, NULL, NULL, '', 0, 0),
(917, '06-02-008', '148', '444', 'Tee 1 Inch Plain', 'Tee 1 Inch Plain', '', '', 'SANITARY', 0, NULL, NULL, 0, '28', 0, 0, NULL, NULL, NULL, NULL, NULL, NULL, '', 0, 0),
(918, '06-02-009', '148', '444', 'Tee 4 Inch Plain', 'Tee 4 Inch Plain', '', '', 'SANITARY', 0, NULL, NULL, 0, '28', 0, 0, NULL, NULL, NULL, NULL, NULL, NULL, '', 0, 0),
(919, '06-02-010', '148', '444', 'Tee 6 Inch x 4Inch x 6 Inch Plain', 'Tee 6 Inch x 4Inch x 6 Inch Plain', '', '', 'SANITARY', 0, NULL, NULL, 0, '28', 0, 0, NULL, NULL, NULL, NULL, NULL, NULL, '', 0, 0),
(920, '05-02-001', '147', '478', 'Electric Kettly 2Ltr', 'Electric Kettly 2Ltr', '', '', 'ELECTRICAL', 0, NULL, NULL, 0, '28', 0, 0, NULL, NULL, NULL, NULL, NULL, NULL, '', 0, 0),
(921, '05-02-002', '147', '478', 'Electric Kettly 1.8Ltr', 'Electric Kettly 1.8Ltr', '', '', 'ELECTRICAL', 0, NULL, NULL, 0, '28', 0, 0, NULL, NULL, NULL, NULL, NULL, NULL, '', 0, 0),
(922, '08-01-001', '150', '479', 'Plate ', 'Plate ', '', '', 'HARDWARE', 0, NULL, NULL, 0, '28', 0, 0, NULL, NULL, NULL, NULL, NULL, NULL, '', 0, 0),
(923, '08-01-002', '150', '479', 'Fork ', 'Fork ', '', '', 'HARDWARE', 0, NULL, NULL, 0, '28', 0, 0, NULL, NULL, NULL, NULL, NULL, NULL, '', 0, 0),
(924, '08-01-003', '150', '479', 'Spoon', 'Spoon', '', '', 'HARDWARE', 0, NULL, NULL, 0, '28', 0, 0, NULL, NULL, NULL, NULL, NULL, NULL, '', 0, 0),
(925, '08-01-004', '150', '479', 'Salt-Cellar', 'Salt-Cellar', '', '', 'HARDWARE', 0, NULL, NULL, 0, '28', 0, 0, NULL, NULL, NULL, NULL, NULL, NULL, '', 0, 0),
(926, '08-01-005', '150', '479', 'Tray', 'Tray', '', '', 'HARDWARE', 0, NULL, NULL, 0, '28', 0, 0, NULL, NULL, NULL, NULL, NULL, NULL, '', 0, 0),
(927, '08-01-006', '150', '479', 'Grater', 'Grater', '', '', 'HARDWARE', 0, NULL, NULL, 0, '28', 0, 0, NULL, NULL, NULL, NULL, NULL, NULL, '', 0, 0),
(928, '08-01-007', '150', '479', 'Knife', 'Knife', '', '', 'HARDWARE', 0, NULL, NULL, 0, '28', 0, 0, NULL, NULL, NULL, NULL, NULL, NULL, '', 0, 0),
(929, '08-01-008', '150', '479', 'Tee-Cup', 'Tee-Cup', '', '', 'HARDWARE', 0, NULL, NULL, 0, '28', 0, 0, NULL, NULL, NULL, NULL, NULL, NULL, '', 0, 0),
(930, '08-01-009', '150', '479', 'Jog', 'Jog', '', '', 'HARDWARE', 0, NULL, NULL, 0, '28', 0, 0, NULL, NULL, NULL, NULL, NULL, NULL, '', 0, 0),
(931, '08-01-010', '150', '479', 'Mug', 'Mug', '', '', 'HARDWARE', 0, NULL, NULL, 0, '28', 0, 0, NULL, NULL, NULL, NULL, NULL, NULL, '', 0, 0),
(932, '08-01-011', '150', '479', 'Shifter', 'Shifter', '', '', 'HARDWARE', 0, NULL, NULL, 0, '28', 0, 0, NULL, NULL, NULL, NULL, NULL, NULL, '', 0, 0),
(933, '08-01-012', '150', '479', 'Tee-Preach', 'Tee-Preach', '', '', 'HARDWARE', 0, NULL, NULL, 0, '28', 0, 0, NULL, NULL, NULL, NULL, NULL, NULL, '', 0, 0),
(934, '08-01-013', '150', '479', 'Glass', 'Glass', '', '', 'HARDWARE', 0, NULL, NULL, 0, '28', 0, 0, NULL, NULL, NULL, NULL, NULL, NULL, '', 0, 0),
(935, '08-01-014', '150', '479', 'Dish - Melamain', 'Dish - Melamain', '', '', 'HARDWARE', 0, NULL, NULL, 0, '28', 0, 0, NULL, NULL, NULL, NULL, NULL, NULL, '', 0, 0),
(936, '06-03-001', '148', '445', 'Socket 1Inch', 'Socket 1Inch', '', '', 'SANITARY', 0, NULL, NULL, 0, '28', 0, 0, NULL, NULL, NULL, NULL, NULL, NULL, '', 0, 0),
(937, '06-03-002', '148', '445', 'Socket A¾Inch x A½Inch', 'Socket A¾Inch x A½Inch', '', '', 'SANITARY', 0, NULL, NULL, 0, '28', 0, 0, NULL, NULL, NULL, NULL, NULL, NULL, '', 0, 0),
(938, '06-03-003', '148', '445', 'Socket A¾Inch', 'Socket A¾Inch', '', '', 'SANITARY', 0, NULL, NULL, 0, '28', 0, 0, NULL, NULL, NULL, NULL, NULL, NULL, '', 0, 0),
(939, '06-03-004', '148', '445', 'Socket 1Inch x A¾Inch', 'Socket 1Inch x A¾Inch', '', '', 'SANITARY', 0, NULL, NULL, 0, '28', 0, 0, NULL, NULL, NULL, NULL, NULL, NULL, '', 0, 0),
(940, '06-03-005', '148', '445', 'Socket 1 A½Inch', 'Socket 1 A½Inch', '', '', 'SANITARY', 0, NULL, NULL, 0, '28', 0, 0, NULL, NULL, NULL, NULL, NULL, NULL, '', 0, 0),
(941, '06-03-006', '148', '445', 'Socket 1 A½Inch x 1 Inch', 'Socket 1 A½Inch x 1 Inch', '', '', 'SANITARY', 0, NULL, NULL, 0, '28', 0, 0, NULL, NULL, NULL, NULL, NULL, NULL, '', 0, 0),
(942, '06-03-007', '148', '445', 'Socket 2 Inch', 'Socket 2 Inch', '', '', 'SANITARY', 0, NULL, NULL, 0, '28', 0, 0, NULL, NULL, NULL, NULL, NULL, NULL, '', 0, 0),
(943, '06-03-008', '148', '445', 'Plain Socket 1A½Inch', 'Plain Socket 1A½Inch', '', '', 'SANITARY', 0, NULL, NULL, 0, '28', 0, 0, NULL, NULL, NULL, NULL, NULL, NULL, '', 0, 0),
(944, '06-03-009', '148', '445', 'Plain Socket 4 Inch', 'Plain Socket 4 Inch', '', '', 'SANITARY', 0, NULL, NULL, 0, '28', 0, 0, NULL, NULL, NULL, NULL, NULL, NULL, '', 0, 0),
(945, '06-03-010', '148', '445', 'Plain Socket A¾Inch', 'Plain Socket A¾Inch', '', '', 'SANITARY', 0, NULL, NULL, 0, '28', 0, 0, NULL, NULL, NULL, NULL, NULL, NULL, '', 0, 0),
(946, '06-07-001', '148', '449', 'V-Socket 1A½Inch', 'V-Socket 1A½Inch', '', '', 'SANITARY', 0, NULL, NULL, 0, '28', 0, 0, NULL, NULL, NULL, NULL, NULL, NULL, '', 0, 0),
(947, '06-07-002', '148', '449', 'V-Socket A¾ Inch', 'V-Socket A¾ Inch', '', '', 'SANITARY', 0, NULL, NULL, 0, '28', 0, 0, NULL, NULL, NULL, NULL, NULL, NULL, '', 0, 0),
(948, '06-07-003', '148', '449', 'V-Socket 1 Inch', 'V-Socket 1 Inch', '', '', 'SANITARY', 0, NULL, NULL, 0, '28', 0, 0, NULL, NULL, NULL, NULL, NULL, NULL, '', 0, 0),
(949, '06-06-001', '148', '448', 'R-Socket 2 Inch x 1A½Inch', 'R-Socket 2 Inch x 1A½Inch', '', '', 'SANITARY', 0, NULL, NULL, 0, '28', 0, 0, NULL, NULL, NULL, NULL, NULL, NULL, '', 0, 0),
(950, '06-06-002', '148', '448', 'R-Socket 1 Inch x 1A½Inch', 'R-Socket 1 Inch x 1A½Inch', '', '', 'SANITARY', 0, NULL, NULL, 0, '28', 0, 0, NULL, NULL, NULL, NULL, NULL, NULL, '', 0, 0),
(951, '06-04-001', '148', '446', 'Union 1 Inch', 'Union 1 Inch', '', '', 'SANITARY', 0, NULL, NULL, 0, '28', 0, 0, NULL, NULL, NULL, NULL, NULL, NULL, '', 0, 0),
(952, '06-04-002', '148', '446', 'Union 1A½ Inch', 'Union 1A½ Inch', '', '', 'SANITARY', 0, NULL, NULL, 0, '28', 0, 0, NULL, NULL, NULL, NULL, NULL, NULL, '', 0, 0),
(953, '06-04-003', '148', '446', 'Union A¾ Inch', 'Union A¾ Inch', '', '', 'SANITARY', 0, NULL, NULL, 0, '28', 0, 0, NULL, NULL, NULL, NULL, NULL, NULL, '', 0, 0),
(954, '06-05-001', '148', '447', 'Nipil  1 Inch', 'Nipil  1 Inch', '', '', 'SANITARY', 0, NULL, NULL, 0, '28', 0, 0, NULL, NULL, NULL, NULL, NULL, NULL, '', 0, 0),
(955, '06-05-002', '148', '447', 'Nipil  1A½ Inch', 'Nipil  1A½ Inch', '', '', 'SANITARY', 0, NULL, NULL, 0, '28', 0, 0, NULL, NULL, NULL, NULL, NULL, NULL, '', 0, 0),
(956, '06-05-003', '148', '447', 'Nipil  1A½ Inch x 1 Inch', 'Nipil  1A½ Inch x 1 Inch', '', '', 'SANITARY', 0, NULL, NULL, 0, '28', 0, 0, NULL, NULL, NULL, NULL, NULL, NULL, '', 0, 0),
(957, '06-05-004', '148', '447', 'Nipil  1A½ Inch x A¾ Inch', 'Nipil  1A½ Inch x A¾ Inch', '', '', 'SANITARY', 0, NULL, NULL, 0, '28', 0, 0, NULL, NULL, NULL, NULL, NULL, NULL, '', 0, 0),
(958, '06-05-005', '148', '447', 'Nipil  A¾ Inch', 'Nipil  A¾ Inch', '', '', 'SANITARY', 0, NULL, NULL, 0, '28', 0, 0, NULL, NULL, NULL, NULL, NULL, NULL, '', 0, 0),
(959, '06-08-001', '148', '450', 'Ball Valve A¾ Inch', 'Ball Valve A¾ Inch', '', '', 'SANITARY', 0, NULL, NULL, 0, '28', 0, 0, NULL, NULL, NULL, NULL, NULL, NULL, '', 0, 0),
(960, '06-08-002', '148', '450', 'Ball Valve 1 Inch', 'Ball Valve 1 Inch', '', '', 'SANITARY', 0, NULL, NULL, 0, '28', 0, 0, NULL, NULL, NULL, NULL, NULL, NULL, '', 0, 0),
(961, '06-08-003', '148', '450', 'Ball Valve 2 Inch', 'Ball Valve 2 Inch', '', '', 'SANITARY', 0, NULL, NULL, 0, '28', 0, 0, NULL, NULL, NULL, NULL, NULL, NULL, '', 0, 0),
(962, '06-09-001', '148', '451', 'MS Gate Valve 2A½ Inch', 'MS Gate Valve 2A½ Inch', '', '', 'SANITARY', 0, NULL, NULL, 0, '28', 0, 0, NULL, NULL, NULL, NULL, NULL, NULL, '', 0, 0),
(963, '06-09-002', '148', '451', 'MS Gate Valve 1A½ Inch', 'MS Gate Valve 1A½ Inch', '', '', 'SANITARY', 0, NULL, NULL, 0, '28', 0, 0, NULL, NULL, NULL, NULL, NULL, NULL, '', 0, 0),
(964, '06-09-003', '148', '451', 'MS Gate Valve 2 Inch', 'MS Gate Valve 2 Inch', '', '', 'SANITARY', 0, NULL, NULL, 0, '28', 0, 0, NULL, NULL, NULL, NULL, NULL, NULL, '', 0, 0),
(965, '06-09-004', '148', '451', 'MS Gate Valve 1Inch', 'MS Gate Valve 1 Inch', '', '', 'SANITARY', 0, NULL, NULL, 0, '28', 0, 0, NULL, NULL, NULL, NULL, NULL, NULL, '', 0, 0),
(966, '06-10-001', '148', '452', 'Check Bulb 2 Inch', 'Check Bulb 2 Inch', '', '', 'SANITARY', 0, NULL, NULL, 0, '28', 0, 0, NULL, NULL, NULL, NULL, NULL, NULL, '', 0, 0),
(967, '06-10-002', '148', '452', 'Check Bulb 1 Inch', 'Check Bulb 1 Inch', '', '', 'SANITARY', 0, NULL, NULL, 0, '28', 0, 0, NULL, NULL, NULL, NULL, NULL, NULL, '', 0, 0),
(968, '06-10-003', '148', '452', 'Check Bulb 1A½ Inch', 'Check Bulb 1A½ Inch', '', '', 'SANITARY', 0, NULL, NULL, 0, '28', 0, 0, NULL, NULL, NULL, NULL, NULL, NULL, '', 0, 0),
(969, '06-11-001', '148', '453', 'Boon Plug  1A½ Inch', 'Boon Plug  1A½ Inch', '', '', 'SANITARY', 0, NULL, NULL, 0, '28', 0, 0, NULL, NULL, NULL, NULL, NULL, NULL, '', 0, 0),
(970, '06-11-002', '148', '453', 'Boon Plug  A½ Inch', 'Boon Plug  A½ Inch', '', '', 'SANITARY', 0, NULL, NULL, 0, '28', 0, 0, NULL, NULL, NULL, NULL, NULL, NULL, '', 0, 0),
(971, '06-11-003', '148', '453', 'Boon Plug  2 Inch', 'Boon Plug  2 Inch', '', '', 'SANITARY', 0, NULL, NULL, 0, '28', 0, 0, NULL, NULL, NULL, NULL, NULL, NULL, '', 0, 0),
(972, '06-13-001', '148', '455', 'Pipe Clam 4 Inch', 'Pipe Clam 4 Inch', '', '', 'SANITARY', 0, NULL, NULL, 0, '28', 0, 0, NULL, NULL, NULL, NULL, NULL, NULL, '', 0, 0),
(973, '06-13-002', '148', '455', 'Pipe Clam 1 Inch', 'Pipe Clam 1 Inch', '', '', 'SANITARY', 0, NULL, NULL, 0, '28', 0, 0, NULL, NULL, NULL, NULL, NULL, NULL, '', 0, 0),
(974, '06-15-001', '148', '457', 'Off Set 4 Inch', 'Off Set 4 Inch', '', '', 'SANITARY', 0, NULL, NULL, 0, '28', 0, 0, NULL, NULL, NULL, NULL, NULL, NULL, '', 0, 0),
(975, '06-14-001', '148', '456', 'Pipe cape 4 Inch', 'Pipe cape 4 Inch', '', '', 'SANITARY', 0, NULL, NULL, 0, '28', 0, 0, NULL, NULL, NULL, NULL, NULL, NULL, '', 0, 0),
(976, '06-16-001', '148', '480', 'Plain Bend 4 Inch', 'Plain Bend 4 Inch', '', '', 'SANITARY', 0, NULL, NULL, 0, '28', 0, 0, NULL, NULL, NULL, NULL, NULL, NULL, '', 0, 0),
(977, '01-04-001', '143', '439', 'Register Book 100', 'Register Book 100', '', '', 'HARDWARE', 0, NULL, NULL, 0, '28', 0, 0, NULL, NULL, NULL, NULL, NULL, NULL, '', 0, 0),
(978, '01-04-002', '143', '439', 'Register Book 200', 'Register Book 200', '', '', 'HARDWARE', 0, NULL, NULL, 0, '28', 0, 0, NULL, NULL, NULL, NULL, NULL, NULL, '', 0, 0),
(979, '01-04-003', '143', '439', 'Register Book 300', 'Register Book 300', '', '', 'HARDWARE', 0, NULL, NULL, 0, '28', 0, 0, NULL, NULL, NULL, NULL, NULL, NULL, '', 0, 0),
(980, '01-04-004', '143', '439', 'Register Book 400', 'Register Book 400', '', '', 'HARDWARE', 0, NULL, NULL, 0, '28', 0, 0, NULL, NULL, NULL, NULL, NULL, NULL, '', 0, 0),
(981, '01-04-005', '143', '439', 'Register Book 800', 'Register Book 800', '', '', 'HARDWARE', 0, NULL, NULL, 0, '28', 0, 0, NULL, NULL, NULL, NULL, NULL, NULL, '', 0, 0),
(982, '01-04-006', '143', '439', 'Register Book 500', 'Register Book 500', '', '', 'HARDWARE', 0, NULL, NULL, 0, '28', 0, 0, NULL, NULL, NULL, NULL, NULL, NULL, '', 0, 0),
(983, '01-04-007', '143', '439', 'Register Book 150', 'Register Book 150', '', '', 'HARDWARE', 0, NULL, NULL, 0, '28', 0, 0, NULL, NULL, NULL, NULL, NULL, NULL, '', 0, 0),
(984, '07-03-0001', '149', '483', 'sdfsdf', 'brdfgdf', 'fdgdfg', '', 'HARDWARE', 34, NULL, NULL, 0, '41', 0, 0, NULL, NULL, NULL, NULL, NULL, NULL, '', 0, 0),
(985, '08-01-0015', '150', '479', 'dhn', 'ghn', 'dghn', '', 'ELECTRICAL', 34, NULL, NULL, 0, '41', 0, 0, NULL, NULL, NULL, NULL, NULL, NULL, '', 0, 0),
(986, '02-05-0001', '144', '438', 'sdfg', 'dsfg', 'sdfg', '', 'ELECTRICAL', 23, NULL, NULL, 0, '32', 0, 0, NULL, NULL, NULL, NULL, NULL, NULL, '', 57, 0),
(987, '02-05-0002', '144', '438', 'dfg', 'fdghf', 'fghfg', '', 'CIVIL', 34, NULL, NULL, 0, '37', 0, 0, NULL, NULL, NULL, NULL, NULL, NULL, '', 23, 0),
(988, '02-04-0004', '144', '437', 'sg', '', 'sfg', '', '', 3, NULL, NULL, 0, '31', 0, 0, NULL, NULL, NULL, NULL, NULL, NULL, '', 0, 0),
(989, '08-01-0016', '150', '479', 'sgsg', '', 'sdg', '', '', 23, NULL, NULL, 0, '37', 0, 0, NULL, NULL, NULL, NULL, NULL, NULL, 'sgd', 0, 0),
(990, '02-04-0005', '144', '437', 'sdf', 'brand', 'zxvc', '', '', 23, NULL, NULL, 0, '32', 0, 0, NULL, NULL, NULL, NULL, NULL, NULL, 'sdfds', 0, 0),
(991, '02-05-0003', '144', '438', 'sdfsdf', 'brandName', 'xvx', '', '', 34, NULL, NULL, 0, '37', 0, 0, NULL, NULL, NULL, NULL, NULL, NULL, '', 0, 0),
(992, '02-05-0004', '144', '438', 'sfd', 'brand', 'spec', '', 'CIVIL', 7, NULL, NULL, 0, '33', 0, 0, NULL, NULL, NULL, NULL, NULL, NULL, '', 0, 0);

-- --------------------------------------------------------

--
-- Table structure for table `inv_materialbalance`
--

CREATE TABLE `inv_materialbalance` (
  `id` int(11) NOT NULL,
  `mb_ref_id` varchar(25) CHARACTER SET utf8 COLLATE utf8_general_ci NOT NULL,
  `mb_materialid` varchar(25) CHARACTER SET utf8 COLLATE utf8_general_ci NOT NULL,
  `mb_date` date NOT NULL,
  `mbin_qty` float NOT NULL,
  `mbin_val` float NOT NULL,
  `mbout_qty` float NOT NULL,
  `mbout_val` float NOT NULL,
  `mbprice` float NOT NULL,
  `mbtype` varchar(30) CHARACTER SET utf8 COLLATE utf8_general_ci NOT NULL,
  `mbserial` float NOT NULL,
  `mbserial_id` varchar(10) CHARACTER SET utf8 COLLATE utf8_general_ci NOT NULL,
  `mbunit_id` varchar(15) CHARACTER SET utf8 COLLATE utf8_general_ci NOT NULL,
  `jvno` varchar(25) CHARACTER SET utf8 COLLATE utf8_general_ci NOT NULL,
  `part_no` varchar(200) DEFAULT NULL,
  `project_id` varchar(100) NOT NULL,
  `warehouse_id` varchar(100) NOT NULL,
  `package_id` varchar(100) NOT NULL,
  `building_id` varchar(100) NOT NULL,
  `approval_status` tinyint(1) NOT NULL DEFAULT 0,
  `is_manual_code_edit` tinyint(1) NOT NULL DEFAULT 0 COMMENT 'for checking manual code update	'
) ENGINE=InnoDB DEFAULT CHARSET=latin1 COLLATE=latin1_swedish_ci;

--
-- Dumping data for table `inv_materialbalance`
--

INSERT INTO `inv_materialbalance` (`id`, `mb_ref_id`, `mb_materialid`, `mb_date`, `mbin_qty`, `mbin_val`, `mbout_qty`, `mbout_val`, `mbprice`, `mbtype`, `mbserial`, `mbserial_id`, `mbunit_id`, `jvno`, `part_no`, `project_id`, `warehouse_id`, `package_id`, `building_id`, `approval_status`, `is_manual_code_edit`) VALUES
(37153, 'MRR-CW001', '02-04-003', '2023-08-23', 100, 45000, 0, 0, 450, 'Receive', 1.1, '1', '22', 'MRR-CW001', '', '1', '1', '', '', 0, 0),
(37154, 'IS-CW-001', '02-04-003', '2023-08-23', 0, 0, 2, 900, 450, 'Issue', 1.1, '1', '22', 'IS-CW-001', '', '1', '1', 'PCK-001', '', 0, 0),
(37155, 'IS-CW-001', '02-04-003', '2023-08-23', 0, 0, 3, 1350, 450, 'Issue', 1.1, '1', '22', 'IS-CW-001', '', '1', '1', 'PCK-002', '', 0, 0),
(37156, 'MRR-CW002', '02-05-0002', '2023-08-23', 23, 69, 0, 0, 3, 'Receive', 1.1, '1', '37', 'MRR-CW002', NULL, '1', '1', '', '', 0, 0),
(37157, 'MRR-CW002', '02-05-0001', '2023-08-23', 34, 136, 0, 0, 4, 'Receive', 1.1, '1', '32', 'MRR-CW002', NULL, '1', '1', '', '', 0, 0),
(37158, 'MRR-CW003', '02-05-0001', '2023-08-23', 23, 69, 0, 0, 3, 'Receive', 1.1, '1', '32', 'MRR-CW003', NULL, '1', '1', '', '', 0, 0),
(37159, 'WT-CW001', '02-05-0002', '2023-08-24', 0, 0, 3, 0, 0, 'Transfer Out', 1.1, '', '0', 'WT-CW001', NULL, '', '1', '', '', 0, 0),
(37160, 'WT-CW001', '02-05-0002', '2023-08-24', 3, 0, 0, 0, 0, 'Transfer In', 1.1, '', '0', 'WT-CW001', NULL, '', '3', '', '', 0, 0),
(37161, 'WT-CW001', '02-05-0001', '2023-08-24', 0, 0, 4, 0, 0, 'Transfer Out', 1.1, '', '0', 'WT-CW001', NULL, '', '1', '', '', 0, 0),
(37162, 'WT-CW001', '02-05-0001', '2023-08-24', 4, 0, 0, 0, 0, 'Transfer In', 1.1, '', '0', 'WT-CW001', NULL, '', '3', '', '', 0, 0),
(37163, 'WT-CW002', '02-05-0002', '2023-08-24', 0, 0, 2, 0, 0, 'Transfer Out', 1.1, '', '0', 'WT-CW002', NULL, '', '1', '', '', 0, 0),
(37164, 'WT-CW002', '02-05-0002', '2023-08-24', 2, 0, 0, 0, 0, 'Transfer In', 1.1, '', '0', 'WT-CW002', NULL, '', '3', '', '', 0, 0),
(37165, 'WT-CW002', '02-05-0001', '2023-08-24', 0, 0, 2, 0, 0, 'Transfer Out', 1.1, '', '0', 'WT-CW002', NULL, '', '1', '', '', 0, 0),
(37166, 'WT-CW002', '02-05-0001', '2023-08-24', 2, 0, 0, 0, 0, 'Transfer In', 1.1, '', '0', 'WT-CW002', NULL, '', '3', '', '', 0, 0),
(37167, 'WT-CW003', '02-05-0002', '2023-08-24', 0, 0, 3, 0, 0, 'Transfer Out', 1.1, '', '0', 'WT-CW003', NULL, '1', '1', '', '', 0, 0),
(37168, 'WT-CW003', '02-05-0002', '2023-08-24', 3, 0, 0, 0, 0, 'Transfer In', 1.1, '', '0', 'WT-CW003', NULL, '1', '3', '', '', 0, 0),
(37169, 'WT-CW003', '02-05-0001', '2023-08-24', 0, 0, 3, 0, 0, 'Transfer Out', 1.1, '', '0', 'WT-CW003', NULL, '1', '1', '', '', 0, 0),
(37170, 'WT-CW003', '02-05-0001', '2023-08-24', 3, 0, 0, 0, 0, 'Transfer In', 1.1, '', '0', 'WT-CW003', NULL, '1', '3', '', '', 0, 0);

-- --------------------------------------------------------

--
-- Table structure for table `inv_materialcategory`
--

CREATE TABLE `inv_materialcategory` (
  `id` int(11) NOT NULL,
  `material_sub_id` varchar(15) DEFAULT NULL,
  `category_id` varchar(15) NOT NULL,
  `material_sub_description` varchar(75) NOT NULL
) ENGINE=InnoDB DEFAULT CHARSET=utf8 COLLATE=utf8_general_ci;

--
-- Dumping data for table `inv_materialcategory`
--

INSERT INTO `inv_materialcategory` (`id`, `material_sub_id`, `category_id`, `material_sub_description`) VALUES
(431, '01-01-000', '143', 'Pen'),
(432, '01-02-000', '143', 'Tissue'),
(433, '01-03-000', '143', 'Paper'),
(434, '02-01-000', '144', 'Rod'),
(435, '02-02-000', '144', 'Sylhet Sand'),
(436, '02-03-000', '144', 'Stone '),
(437, '02-04-000', '144', 'Cement'),
(438, '02-05-000', '144', 'Bricks'),
(439, '01-04-000', '143', 'Books'),
(440, '01-05-000', '143', 'File'),
(441, '01-06-000', '143', 'Clips'),
(442, '01-07-000', '143', 'Stapler Pin'),
(443, '06-01-000', '148', 'Elbow'),
(444, '06-02-000', '148', 'Tee'),
(445, '06-03-000', '148', 'Socket'),
(446, '06-04-000', '148', 'Union'),
(447, '06-05-000', '148', 'Nipil'),
(448, '06-06-000', '148', 'R-Socket'),
(449, '06-07-000', '148', 'V-Socket'),
(450, '06-08-000', '148', 'Ball Valve'),
(451, '06-09-000', '148', 'MS Gate Valve'),
(452, '06-10-000', '148', 'Check Bulb'),
(453, '06-11-000', '148', 'Boon Plug (Cap)'),
(454, '06-12-000', '148', 'Concealed Stop cock'),
(455, '06-13-000', '148', 'Pipe Clam'),
(456, '06-14-000', '148', 'Cap 4 Inch'),
(457, '06-15-000', '148', 'Off Set '),
(458, '04-02-000', '146', 'Citcuit Breaker'),
(459, '04-01-000', '146', 'Bulb'),
(460, '04-03-000', '146', 'Circuit Breaker Box'),
(461, '04-04-000', '146', 'Combine Socket'),
(462, '04-05-000', '146', 'Combine Socket Back Side'),
(463, '04-06-000', '146', 'Switch'),
(464, '04-07-000', '146', 'Switch Back side'),
(465, '04-08-000', '146', 'Plug'),
(466, '04-09-000', '146', 'Regulator '),
(467, '04-10-000', '146', 'Industrial Socket'),
(468, '04-11-000', '146', 'Capacitor'),
(469, '04-12-000', '146', 'Electric Cable'),
(470, '04-13-000', '146', 'Flexible pipe '),
(471, '04-14-000', '146', 'Cable Tai'),
(472, '04-15-000', '146', 'Royal Plug'),
(473, '04-16-000', '146', 'Electric Clam'),
(474, '04-17-000', '146', 'Tape'),
(475, '04-18-000', '146', 'Industrial Plug'),
(476, '01-08-000', '143', 'Other'),
(477, '05-01-000', '147', 'Electric Kettly 2Ltr'),
(478, '05-02-000', '147', 'Electric Kettly 1.8Ltr'),
(479, '08-01-000', '150', 'Cocaris '),
(480, '06-16-000', '148', 'Plain Bend'),
(481, '07-01-000', '149', 'Fom'),
(482, '07-02-000', '149', 'Cork Sheet'),
(483, '07-03-000', '149', 'Gum (Aica)'),
(484, '07-04-000', '149', 'Brush'),
(485, '07-05-000', '149', 'Welding Rod'),
(486, '07-06-000', '149', 'Disk'),
(487, '07-07-000', '149', 'Jharu'),
(488, '07-08-000', '149', 'Siris Paper'),
(489, '07-09-000', '149', 'Chalk -Pencil'),
(490, '07-10-000', '149', 'Vinyl Paper'),
(491, '07-11-000', '149', 'Hand Gloves'),
(492, '07-12-000', '149', 'Bangla Nail'),
(493, '07-13-000', '149', 'Steel Nail'),
(494, '07-14-000', '149', 'CI Sheet'),
(495, '07-15-000', '149', 'Wire'),
(496, '07-16-000', '149', 'Other');

-- --------------------------------------------------------

--
-- Table structure for table `inv_materialcategorysub`
--

CREATE TABLE `inv_materialcategorysub` (
  `id` int(11) NOT NULL,
  `category_id` varchar(15) DEFAULT NULL,
  `category_description` varchar(75) DEFAULT NULL,
  `stock_acct_id` varchar(15) DEFAULT NULL,
  `chk_sbalance` int(11) DEFAULT NULL,
  `consumption_ac` varchar(20) DEFAULT NULL
) ENGINE=InnoDB DEFAULT CHARSET=utf8 COLLATE=utf8_general_ci;

--
-- Dumping data for table `inv_materialcategorysub`
--

INSERT INTO `inv_materialcategorysub` (`id`, `category_id`, `category_description`, `stock_acct_id`, `chk_sbalance`, `consumption_ac`) VALUES
(143, '01-00-000', 'Stationary', NULL, NULL, NULL),
(144, '02-00-000', 'Civil', NULL, NULL, NULL),
(145, '03-00-000', 'Safety accessories', NULL, NULL, NULL),
(146, '04-00-000', 'Electrical', NULL, NULL, NULL),
(147, '05-00-000', 'Electronic', NULL, NULL, NULL),
(148, '06-00-000', 'Sanitary Upvc Pipe Fittings', NULL, NULL, NULL),
(149, '07-00-000', 'Hardware', NULL, NULL, NULL),
(150, '08-00-000', 'Cocaris accessorise', NULL, NULL, NULL);

-- --------------------------------------------------------

--
-- Table structure for table `inv_material_level3`
--

CREATE TABLE `inv_material_level3` (
  `id` int(11) NOT NULL,
  `material_level3_code` varchar(15) NOT NULL,
  `category_id` varchar(15) NOT NULL,
  `category_sub_id` varchar(15) NOT NULL,
  `material_level3_description` varchar(50) NOT NULL
) ENGINE=InnoDB DEFAULT CHARSET=utf8 COLLATE=utf8_general_ci;

--
-- Dumping data for table `inv_material_level3`
--

INSERT INTO `inv_material_level3` (`id`, `material_level3_code`, `category_id`, `category_sub_id`, `material_level3_description`) VALUES
(84, '02-02-01-00-000', '63', '151', 'sdfsdf');

-- --------------------------------------------------------

--
-- Table structure for table `inv_material_level4`
--

CREATE TABLE `inv_material_level4` (
  `id` int(11) NOT NULL,
  `material_level4_code` varchar(15) NOT NULL,
  `category_id` varchar(15) NOT NULL,
  `category_sub_id` varchar(15) NOT NULL,
  `level3_id` varchar(15) NOT NULL,
  `material_level4_description` varchar(50) NOT NULL
) ENGINE=InnoDB DEFAULT CHARSET=utf8 COLLATE=utf8_general_ci;

--
-- Dumping data for table `inv_material_level4`
--

INSERT INTO `inv_material_level4` (`id`, `material_level4_code`, `category_id`, `category_sub_id`, `level3_id`, `material_level4_description`) VALUES
(82, '02-02-01-01-000', '63', '151', '84', 'fghgfh');

-- --------------------------------------------------------

--
-- Table structure for table `inv_material_partno_detail`
--

CREATE TABLE `inv_material_partno_detail` (
  `id` int(11) NOT NULL,
  `inv_material_id` int(11) DEFAULT NULL,
  `material_id_code` varchar(255) DEFAULT NULL,
  `part_no` varchar(255) DEFAULT NULL,
  `status` int(11) NOT NULL DEFAULT 1,
  `created_by` int(11) DEFAULT NULL,
  `updated_by` int(11) DEFAULT NULL,
  `created_at` datetime DEFAULT NULL,
  `updated_at` datetime DEFAULT NULL
) ENGINE=InnoDB DEFAULT CHARSET=utf8mb4 COLLATE=utf8mb4_general_ci;

-- --------------------------------------------------------

--
-- Table structure for table `inv_particulars`
--

CREATE TABLE `inv_particulars` (
  `id` int(11) NOT NULL,
  `particulars_id` varchar(100) NOT NULL,
  `type_id` varchar(100) NOT NULL,
  `particulars` varchar(1000) NOT NULL
) ENGINE=InnoDB DEFAULT CHARSET=utf8 COLLATE=utf8_general_ci;

-- --------------------------------------------------------

--
-- Table structure for table `inv_particulars_type`
--

CREATE TABLE `inv_particulars_type` (
  `id` int(11) NOT NULL,
  `type_id` varchar(100) NOT NULL,
  `type` varchar(100) NOT NULL
) ENGINE=InnoDB DEFAULT CHARSET=utf8 COLLATE=utf8_general_ci;

-- --------------------------------------------------------

--
-- Table structure for table `inv_product_price`
--

CREATE TABLE `inv_product_price` (
  `id` int(11) NOT NULL,
  `mrr_no` varchar(20) NOT NULL,
  `material_id` varchar(20) NOT NULL,
  `receive_details_id` int(11) NOT NULL,
  `qty` int(11) NOT NULL,
  `price` float NOT NULL,
  `part_no` varchar(100) DEFAULT NULL,
  `project_id` varchar(11) NOT NULL,
  `warehouse_id` varchar(11) NOT NULL,
  `status` tinyint(1) NOT NULL DEFAULT 1,
  `created_at` date NOT NULL DEFAULT current_timestamp(),
  `cerated_by` varchar(15) NOT NULL,
  `updated_at` date NOT NULL,
  `updated_by` varchar(15) NOT NULL
) ENGINE=InnoDB DEFAULT CHARSET=utf8mb4 COLLATE=utf8mb4_general_ci;

--
-- Dumping data for table `inv_product_price`
--

INSERT INTO `inv_product_price` (`id`, `mrr_no`, `material_id`, `receive_details_id`, `qty`, `price`, `part_no`, `project_id`, `warehouse_id`, `status`, `created_at`, `cerated_by`, `updated_at`, `updated_by`) VALUES
(685, 'MRR-CW001', '02-04-003', 7118, 95, 450, '', '1', '1', 1, '2023-08-23', '', '0000-00-00', ''),
(686, 'MRR-CW002', '02-05-0002', 7119, 15, 3, NULL, '1', '1', 1, '2023-08-23', '', '0000-00-00', ''),
(687, 'MRR-CW002', '02-05-0001', 7120, 25, 4, NULL, '1', '1', 1, '2023-08-23', '', '0000-00-00', ''),
(688, 'MRR-CW003', '02-05-0001', 7121, 23, 3, NULL, '1', '1', 1, '2023-08-23', '', '0000-00-00', ''),
(689, 'WT-CW001', '02-05-0002', 1, 3, 3, NULL, '', '', 1, '2023-08-24', '', '0000-00-00', ''),
(690, 'WT-CW001', '02-05-0001', 2, 4, 4, NULL, '', '', 1, '2023-08-24', '', '0000-00-00', ''),
(691, 'WT-CW002', '02-05-0002', 3, 2, 3, NULL, '', '3', 1, '2023-08-24', '', '0000-00-00', ''),
(692, 'WT-CW002', '02-05-0001', 4, 2, 4, NULL, '', '3', 1, '2023-08-24', '', '0000-00-00', ''),
(693, 'WT-CW003', '02-05-0002', 5, 3, 3, NULL, '1', '3', 1, '2023-08-24', '', '0000-00-00', ''),
(694, 'WT-CW003', '02-05-0001', 6, 3, 4, NULL, '1', '3', 1, '2023-08-24', '', '0000-00-00', '');

-- --------------------------------------------------------

--
-- Table structure for table `inv_purchase`
--

CREATE TABLE `inv_purchase` (
  `id` int(11) NOT NULL,
  `purchase_no` varchar(25) CHARACTER SET utf8 COLLATE utf8_general_ci NOT NULL,
  `purchase_date` datetime DEFAULT NULL,
  `purchase_id` varchar(15) CHARACTER SET utf8 COLLATE utf8_general_ci DEFAULT NULL,
  `receive_acct_id` varchar(15) CHARACTER SET utf8 COLLATE utf8_general_ci DEFAULT NULL,
  `supplier_id` varchar(15) CHARACTER SET utf8 COLLATE utf8_general_ci DEFAULT NULL,
  `postedtogl` int(11) DEFAULT NULL,
  `remarks` varchar(180) CHARACTER SET utf8 COLLATE utf8_general_ci DEFAULT NULL,
  `purchase_type` varchar(25) CHARACTER SET utf8 COLLATE utf8_general_ci DEFAULT NULL,
  `purchase_ware_hosue_id` int(11) DEFAULT NULL,
  `purchase_unit_id` varchar(15) CHARACTER SET utf8 COLLATE utf8_general_ci DEFAULT NULL,
  `chk_year_end` int(11) DEFAULT NULL,
  `receive_total` float DEFAULT NULL,
  `no_of_material` float DEFAULT NULL,
  `challanno` varchar(500) DEFAULT NULL,
  `jv_no` varchar(25) CHARACTER SET utf8 COLLATE utf8_general_ci DEFAULT NULL,
  `part_no` varchar(200) DEFAULT NULL,
  `requisitionno` varchar(500) DEFAULT NULL,
  `requisition_date` datetime DEFAULT NULL,
  `project_id` varchar(100) NOT NULL,
  `warehouse_id` varchar(100) NOT NULL
) ENGINE=InnoDB DEFAULT CHARSET=latin1 COLLATE=latin1_swedish_ci;

-- --------------------------------------------------------

--
-- Table structure for table `inv_purchasedetail`
--

CREATE TABLE `inv_purchasedetail` (
  `id` int(11) NOT NULL,
  `purchase_no` varchar(25) CHARACTER SET utf8 COLLATE utf8_general_ci NOT NULL,
  `material_id` varchar(25) CHARACTER SET utf8 COLLATE utf8_general_ci NOT NULL,
  `unit_id` int(11) DEFAULT NULL,
  `purchase_qty` float NOT NULL,
  `unit_price` float NOT NULL,
  `sl_no` int(11) NOT NULL,
  `total_purchase` float NOT NULL,
  `rd_serial_id` varchar(20) CHARACTER SET utf8 COLLATE utf8_general_ci NOT NULL,
  `part_no` varchar(200) DEFAULT NULL,
  `project_id` varchar(100) NOT NULL,
  `warehouse_id` varchar(100) NOT NULL
) ENGINE=InnoDB DEFAULT CHARSET=latin1 COLLATE=latin1_swedish_ci;

-- --------------------------------------------------------

--
-- Table structure for table `inv_receive`
--

CREATE TABLE `inv_receive` (
  `id` int(11) NOT NULL,
  `mrr_no` varchar(25) CHARACTER SET utf8 COLLATE utf8_general_ci NOT NULL,
  `mrr_date` date DEFAULT NULL,
  `purchase_id` varchar(15) CHARACTER SET utf8 COLLATE utf8_general_ci DEFAULT NULL,
  `receive_acct_id` varchar(15) CHARACTER SET utf8 COLLATE utf8_general_ci DEFAULT NULL,
  `supplier_id` varchar(15) CHARACTER SET utf8 COLLATE utf8_general_ci DEFAULT NULL,
  `postedtogl` int(11) DEFAULT NULL,
  `vat_challan_no` varchar(100) NOT NULL,
  `remarks` varchar(180) CHARACTER SET utf8 COLLATE utf8_general_ci DEFAULT NULL,
  `receive_type` varchar(25) CHARACTER SET utf8 COLLATE utf8_general_ci DEFAULT NULL,
  `project_id` varchar(100) NOT NULL,
  `warehouse_id` varchar(100) DEFAULT NULL,
  `receive_unit_id` varchar(15) CHARACTER SET utf8 COLLATE utf8_general_ci DEFAULT NULL,
  `chk_year_end` int(11) DEFAULT NULL,
  `receive_total` float DEFAULT NULL,
  `no_of_material` float DEFAULT NULL,
  `challanno` varchar(500) DEFAULT NULL,
  `challan_date` date NOT NULL,
  `jv_no` varchar(25) CHARACTER SET utf8 COLLATE utf8_general_ci DEFAULT NULL,
  `part_no` varchar(200) DEFAULT NULL,
  `requisitionno` varchar(500) DEFAULT NULL,
  `requisition_date` datetime DEFAULT NULL,
  `received_by` varchar(100) NOT NULL,
  `approval_status` tinyint(1) NOT NULL DEFAULT 0,
  `approved_by` varchar(100) NOT NULL,
  `approved_at` datetime DEFAULT NULL,
  `approval_remarks` longtext NOT NULL,
  `mrr_image` varchar(10000) NOT NULL
) ENGINE=InnoDB DEFAULT CHARSET=latin1 COLLATE=latin1_swedish_ci;

--
-- Dumping data for table `inv_receive`
--

INSERT INTO `inv_receive` (`id`, `mrr_no`, `mrr_date`, `purchase_id`, `receive_acct_id`, `supplier_id`, `postedtogl`, `vat_challan_no`, `remarks`, `receive_type`, `project_id`, `warehouse_id`, `receive_unit_id`, `chk_year_end`, `receive_total`, `no_of_material`, `challanno`, `challan_date`, `jv_no`, `part_no`, `requisitionno`, `requisition_date`, `received_by`, `approval_status`, `approved_by`, `approved_at`, `approval_remarks`, `mrr_image`) VALUES
(1682, 'MRR-CW001', '2023-08-23', 'Test', '6-14-010', 'SID-002', 0, '', 'dfgf', 'Credit', '1', '1', '1', NULL, 45000, 100, 'dfg', '2023-08-23', NULL, '', 'dfgf', '2023-08-23 00:00:00', '1', 0, '', '0000-00-00 00:00:00', '', ''),
(1683, 'MRR-CW002', '2023-08-23', 'fgdg', '6-14-010', 'SID-001', 0, '', 'xvxcv', 'Credit', '1', '1', '1', NULL, 205, 57, 'dgfdfg', '2023-08-23', NULL, NULL, 'dfgfdg', '2023-08-23 00:00:00', '1', 0, '', '0000-00-00 00:00:00', '', ''),
(1684, 'MRR-CW003', '2023-08-23', 'dfgdfg', '6-14-010', 'SID-002', 0, '', 'xcvc', 'Credit', '1', '1', '1', NULL, 69, 23, 'dfgfdg', '2023-08-23', NULL, NULL, 'dfgfdg', '2023-08-23 00:00:00', '1', 0, '', '0000-00-00 00:00:00', '', '');

-- --------------------------------------------------------

--
-- Table structure for table `inv_receivedetail`
--

CREATE TABLE `inv_receivedetail` (
  `id` int(11) NOT NULL,
  `mrr_no` varchar(25) CHARACTER SET utf8 COLLATE utf8_general_ci NOT NULL,
  `material_id` varchar(25) CHARACTER SET utf8 COLLATE utf8_general_ci NOT NULL,
  `material_name` varchar(100) NOT NULL,
  `unit_id` int(11) DEFAULT NULL,
  `receive_qty` float NOT NULL,
  `unit_price` float NOT NULL,
  `sl_no` int(11) NOT NULL,
  `total_receive` float NOT NULL,
  `rd_serial_id` varchar(20) CHARACTER SET utf8 COLLATE utf8_general_ci NOT NULL,
  `part_no` varchar(200) DEFAULT NULL,
  `project_id` varchar(100) NOT NULL,
  `warehouse_id` varchar(1000) NOT NULL,
  `approval_status` tinyint(1) NOT NULL DEFAULT 0,
  `is_manual_code_edit` tinyint(1) NOT NULL DEFAULT 0 COMMENT 'for checking manual code update'
) ENGINE=InnoDB DEFAULT CHARSET=latin1 COLLATE=latin1_swedish_ci;

--
-- Dumping data for table `inv_receivedetail`
--

INSERT INTO `inv_receivedetail` (`id`, `mrr_no`, `material_id`, `material_name`, `unit_id`, `receive_qty`, `unit_price`, `sl_no`, `total_receive`, `rd_serial_id`, `part_no`, `project_id`, `warehouse_id`, `approval_status`, `is_manual_code_edit`) VALUES
(7118, 'MRR-CW001', '02-04-003', '832', 22, 100, 450, 1, 45000, '', '', '1', '1', 0, 0),
(7119, 'MRR-CW002', '02-05-0002', '987', 37, 23, 3, 1, 69, '', NULL, '1', '1', 0, 0),
(7120, 'MRR-CW002', '02-05-0001', '986', 32, 34, 4, 1, 136, '', NULL, '1', '1', 0, 0),
(7121, 'MRR-CW003', '02-05-0001', '986', 32, 23, 3, 1, 69, '', NULL, '1', '1', 0, 0);

-- --------------------------------------------------------

--
-- Table structure for table `inv_requisition`
--

CREATE TABLE `inv_requisition` (
  `id` int(11) NOT NULL,
  `requisition_id` varchar(25) NOT NULL,
  `project_id` int(11) DEFAULT NULL,
  `requisition_date` datetime NOT NULL,
  `remarks` varchar(100) CHARACTER SET utf8 COLLATE utf8_general_ci DEFAULT NULL,
  `no_of_material` float NOT NULL
) ENGINE=InnoDB DEFAULT CHARSET=latin1 COLLATE=latin1_swedish_ci;

-- --------------------------------------------------------

--
-- Table structure for table `inv_requisition_details`
--

CREATE TABLE `inv_requisition_details` (
  `id` int(11) NOT NULL,
  `requisition_id` varchar(15) CHARACTER SET utf8 COLLATE utf8_general_ci NOT NULL,
  `material_id` varchar(9) CHARACTER SET utf8 COLLATE utf8_general_ci NOT NULL,
  `requisition_qty` float NOT NULL,
  `sl_no` int(11) NOT NULL
) ENGINE=InnoDB DEFAULT CHARSET=latin1 COLLATE=latin1_swedish_ci;

-- --------------------------------------------------------

--
-- Table structure for table `inv_return`
--

CREATE TABLE `inv_return` (
  `id` int(11) NOT NULL,
  `return_id` varchar(25) NOT NULL,
  `return_date` date NOT NULL,
  `remarks` varchar(100) CHARACTER SET utf8 COLLATE utf8_general_ci NOT NULL,
  `project_id` varchar(25) CHARACTER SET utf8 COLLATE utf8_general_ci NOT NULL,
  `warehouse_id` varchar(100) NOT NULL,
  `package_id` varchar(100) NOT NULL,
  `building_id` varchar(100) NOT NULL,
  `approval_status` varchar(100) NOT NULL
) ENGINE=InnoDB DEFAULT CHARSET=latin1 COLLATE=latin1_swedish_ci;

-- --------------------------------------------------------

--
-- Table structure for table `inv_returndetail`
--

CREATE TABLE `inv_returndetail` (
  `id` int(11) NOT NULL,
  `return_id` varchar(15) CHARACTER SET utf8 COLLATE utf8_general_ci NOT NULL,
  `return_date` date NOT NULL,
  `material_id` varchar(9) CHARACTER SET utf8 COLLATE utf8_general_ci NOT NULL,
  `material_name` varchar(100) NOT NULL,
  `unit` varchar(100) NOT NULL,
  `return_qty` float NOT NULL,
  `return_price` float NOT NULL,
  `part_no` varchar(200) NOT NULL,
  `project_id` varchar(100) NOT NULL,
  `warehouse_id` varchar(100) NOT NULL
) ENGINE=InnoDB DEFAULT CHARSET=latin1 COLLATE=latin1_swedish_ci;

-- --------------------------------------------------------

--
-- Table structure for table `inv_serviceinvoice`
--

CREATE TABLE `inv_serviceinvoice` (
  `id` int(11) NOT NULL,
  `invoice_no` varchar(100) NOT NULL,
  `job_card_no` varchar(100) NOT NULL,
  `service_name` varchar(2000) NOT NULL,
  `amount` varchar(100) NOT NULL
) ENGINE=InnoDB DEFAULT CHARSET=utf8 COLLATE=utf8_general_ci;

-- --------------------------------------------------------

--
-- Table structure for table `inv_supplier`
--

CREATE TABLE `inv_supplier` (
  `id` int(11) NOT NULL,
  `supplier_id` varchar(20) CHARACTER SET utf8 COLLATE utf8_general_ci NOT NULL,
  `supplier_company` varchar(120) CHARACTER SET utf8 COLLATE utf8_general_ci NOT NULL,
  `supplier_address` varchar(150) CHARACTER SET utf8 COLLATE utf8_general_ci NOT NULL,
  `supplier_city` varchar(50) CHARACTER SET utf8 COLLATE utf8_general_ci NOT NULL,
  `supplier_country` varchar(50) CHARACTER SET utf8 COLLATE utf8_general_ci NOT NULL,
  `contact_person` varchar(75) CHARACTER SET utf8 COLLATE utf8_general_ci NOT NULL,
  `sposition` varchar(75) CHARACTER SET utf8 COLLATE utf8_general_ci NOT NULL,
  `supplier_phone` varchar(18) CHARACTER SET utf8 COLLATE utf8_general_ci NOT NULL,
  `supplier_op_balance` float NOT NULL,
  `supplier_type` varchar(100) NOT NULL,
  `material_type` varchar(100) NOT NULL,
  `cc` varchar(20) CHARACTER SET utf8 COLLATE utf8_general_ci NOT NULL
) ENGINE=InnoDB DEFAULT CHARSET=latin1 COLLATE=latin1_swedish_ci;

-- --------------------------------------------------------

--
-- Table structure for table `inv_supplierbalance`
--

CREATE TABLE `inv_supplierbalance` (
  `id` int(11) NOT NULL,
  `sb_ref_id` varchar(15) CHARACTER SET utf8 COLLATE utf8_general_ci NOT NULL,
  `warehouse_id` varchar(100) NOT NULL,
  `sb_date` date NOT NULL,
  `sb_supplier_id` varchar(15) CHARACTER SET utf8 COLLATE utf8_general_ci NOT NULL,
  `sb_dr_amount` float NOT NULL,
  `sb_cr_amount` float NOT NULL,
  `sb_remark` varchar(175) CHARACTER SET utf8 COLLATE utf8_general_ci NOT NULL,
  `sb_partac_id` varchar(25) CHARACTER SET utf8 COLLATE utf8_general_ci NOT NULL,
  `approval_status` tinyint(1) NOT NULL DEFAULT 0
) ENGINE=InnoDB DEFAULT CHARSET=latin1 COLLATE=latin1_swedish_ci;

--
-- Dumping data for table `inv_supplierbalance`
--

INSERT INTO `inv_supplierbalance` (`id`, `sb_ref_id`, `warehouse_id`, `sb_date`, `sb_supplier_id`, `sb_dr_amount`, `sb_cr_amount`, `sb_remark`, `sb_partac_id`, `approval_status`) VALUES
(1683, 'MRR-CW001', '1', '2023-08-23', 'SID-002', 0, 45000, 'dfgf', 'MRR-CW001', 0),
(1684, 'MRR-CW002', '1', '2023-08-23', 'SID-001', 0, 205, 'xvxcv', 'MRR-CW002', 0),
(1685, 'MRR-CW003', '1', '2023-08-23', 'SID-002', 0, 69, 'xcvc', 'MRR-CW003', 0);

-- --------------------------------------------------------

--
-- Table structure for table `inv_technicianinfo`
--

CREATE TABLE `inv_technicianinfo` (
  `id` int(11) NOT NULL,
  `name` varchar(500) NOT NULL,
  `department` varchar(100) NOT NULL,
  `dob` varchar(100) NOT NULL,
  `gender` varchar(100) NOT NULL,
  `address` varchar(5000) NOT NULL,
  `district` varchar(100) NOT NULL,
  `postcode` varchar(100) NOT NULL,
  `telephone` varchar(100) NOT NULL,
  `mobile` varchar(100) NOT NULL,
  `emg_contact` varchar(100) NOT NULL,
  `emg_rel` varchar(100) NOT NULL,
  `emg_tel` varchar(100) NOT NULL,
  `emg_mob` varchar(100) NOT NULL
) ENGINE=InnoDB DEFAULT CHARSET=utf8 COLLATE=utf8_general_ci;

-- --------------------------------------------------------

--
-- Table structure for table `inv_tranferdetail`
--

CREATE TABLE `inv_tranferdetail` (
  `id` int(11) NOT NULL,
  `transfer_id` varchar(100) NOT NULL,
  `material_id` varchar(100) NOT NULL,
  `material_name` varchar(100) NOT NULL,
  `transfer_qty` varchar(100) NOT NULL,
  `transfer_price` float NOT NULL,
  `unit` varchar(100) NOT NULL,
  `type` varchar(100) NOT NULL,
  `inproject` int(11) NOT NULL,
  `outproject` int(11) NOT NULL,
  `inwarehouse` varchar(100) NOT NULL,
  `outwarehouse` varchar(100) NOT NULL
) ENGINE=InnoDB DEFAULT CHARSET=utf8 COLLATE=utf8_general_ci;

--
-- Dumping data for table `inv_tranferdetail`
--

INSERT INTO `inv_tranferdetail` (`id`, `transfer_id`, `material_id`, `material_name`, `transfer_qty`, `transfer_price`, `unit`, `type`, `inproject`, `outproject`, `inwarehouse`, `outwarehouse`) VALUES
(1, 'WT-CW001', '02-05-0002', '987', '3', 0, '37', '1', 0, 0, '3', '1'),
(2, 'WT-CW001', '02-05-0001', '986', '4', 0, '32', '1', 0, 0, '3', '1'),
(3, 'WT-CW002', '02-05-0002', '987', '2', 3, '37', '1', 0, 0, '3', '1'),
(4, 'WT-CW002', '02-05-0001', '986', '2', 4, '32', '1', 0, 0, '3', '1'),
(5, 'WT-CW003', '02-05-0002', '987', '3', 3, '37', '1', 1, 1, '3', '1'),
(6, 'WT-CW003', '02-05-0001', '986', '3', 4, '32', '1', 1, 1, '3', '1');

-- --------------------------------------------------------

--
-- Table structure for table `inv_transfermaster`
--

CREATE TABLE `inv_transfermaster` (
  `id` int(11) NOT NULL,
  `transfer_id` varchar(100) NOT NULL,
  `transfer_date` varchar(100) NOT NULL,
  `no_of_material` int(11) NOT NULL,
  `totalamount` float NOT NULL,
  `from_project` int(11) NOT NULL,
  `to_project` int(11) NOT NULL,
  `from_warehouse` varchar(100) NOT NULL,
  `to_warehouse` varchar(100) NOT NULL,
  `remarks` longtext NOT NULL
) ENGINE=InnoDB DEFAULT CHARSET=utf8 COLLATE=utf8_general_ci;

--
-- Dumping data for table `inv_transfermaster`
--

INSERT INTO `inv_transfermaster` (`id`, `transfer_id`, `transfer_date`, `no_of_material`, `totalamount`, `from_project`, `to_project`, `from_warehouse`, `to_warehouse`, `remarks`) VALUES
(1, 'WT-CW001', '2023-08-24', 0, 0, 0, 0, '1', '3', 'okay'),
(2, 'WT-CW002', '2023-08-24', 4, 8, 0, 0, '1', '3', 'fgdf'),
(3, 'WT-CW003', '2023-08-24', 6, 12, 1, 1, '1', '3', 'dxcxc');

-- --------------------------------------------------------

--
-- Table structure for table `inv_voucher`
--

CREATE TABLE `inv_voucher` (
  `id` int(11) NOT NULL,
  `voucher_id` varchar(100) NOT NULL,
  `voucher_date` varchar(100) NOT NULL
) ENGINE=InnoDB DEFAULT CHARSET=utf8 COLLATE=utf8_general_ci;

-- --------------------------------------------------------

--
-- Table structure for table `inv_voucherdetails`
--

CREATE TABLE `inv_voucherdetails` (
  `id` int(11) NOT NULL,
  `voucher_id` varchar(100) NOT NULL,
  `voucher_cat` varchar(100) NOT NULL,
  `voucher_type` varchar(100) NOT NULL,
  `voucher_details` varchar(5000) NOT NULL,
  `amount` varchar(100) NOT NULL
) ENGINE=InnoDB DEFAULT CHARSET=utf8 COLLATE=utf8_general_ci;

-- --------------------------------------------------------

--
-- Table structure for table `inv_voucher_cat`
--

CREATE TABLE `inv_voucher_cat` (
  `id` int(11) NOT NULL,
  `voucher_id` varchar(100) NOT NULL,
  `voucher_name` varchar(100) NOT NULL
) ENGINE=InnoDB DEFAULT CHARSET=utf8 COLLATE=utf8_general_ci;

-- --------------------------------------------------------

--
-- Table structure for table `inv_warehosueinfo`
--

CREATE TABLE `inv_warehosueinfo` (
  `id` int(11) NOT NULL,
  `warehouse_id` varchar(100) NOT NULL,
  `name` varchar(75) CHARACTER SET utf8 COLLATE utf8_general_ci NOT NULL,
  `short_name` varchar(100) NOT NULL,
  `project_id` varchar(100) NOT NULL,
  `address` varchar(1000) NOT NULL,
  `created_by` int(11) DEFAULT NULL,
  `updated_by` int(11) NOT NULL,
  `created_at` timestamp NOT NULL DEFAULT current_timestamp(),
  `updated_at` timestamp NULL DEFAULT NULL,
  `deleted_at` timestamp NULL DEFAULT NULL
) ENGINE=InnoDB DEFAULT CHARSET=latin1 COLLATE=latin1_swedish_ci;

--
-- Dumping data for table `inv_warehosueinfo`
--

INSERT INTO `inv_warehosueinfo` (`id`, `warehouse_id`, `name`, `short_name`, `project_id`, `address`, `created_by`, `updated_by`, `created_at`, `updated_at`, `deleted_at`) VALUES
(1, 'WH-001', 'Central Warehouse', 'CTW', '1', 'Chattogram Port, Chattogram', NULL, 0, '2020-12-14 04:49:26', NULL, NULL),
(3, 'WH-002', 'test', 'TST', '1', 'xcxc', NULL, 0, '2023-08-23 09:54:45', NULL, NULL);

-- --------------------------------------------------------

--
-- Table structure for table `items`
--

CREATE TABLE `items` (
  `id` int(11) NOT NULL,
  `name` varchar(400) DEFAULT NULL,
  `code` varchar(4) DEFAULT NULL,
  `created_by` int(11) DEFAULT NULL,
  `updated_by` int(11) DEFAULT NULL,
  `created_at` int(11) DEFAULT NULL,
  `updated_at` timestamp NULL DEFAULT NULL,
  `deleted_at` timestamp NULL DEFAULT NULL
) ENGINE=InnoDB DEFAULT CHARSET=latin1 COLLATE=latin1_swedish_ci;

-- --------------------------------------------------------

--
-- Table structure for table `item_details`
--

CREATE TABLE `item_details` (
  `id` int(11) NOT NULL,
  `parent_item_id` int(11) NOT NULL,
  `sub_item_id` int(11) NOT NULL,
  `name` varchar(500) NOT NULL,
  `item_code` varchar(400) NOT NULL,
  `description` text NOT NULL,
  `user_id` int(11) NOT NULL
) ENGINE=InnoDB DEFAULT CHARSET=utf8 COLLATE=utf8_general_ci;

-- --------------------------------------------------------

--
-- Table structure for table `materialbalance`
--

CREATE TABLE `materialbalance` (
  `id` int(11) NOT NULL,
  `mb_ref_id` varchar(25) CHARACTER SET utf8 COLLATE utf8_general_ci NOT NULL,
  `mb_materialid` varchar(25) CHARACTER SET utf8 COLLATE utf8_general_ci NOT NULL,
  `mb_date` date NOT NULL,
  `mbin_qty` float NOT NULL,
  `mbin_val` float NOT NULL,
  `mbout_qty` float NOT NULL,
  `mbout_val` float NOT NULL,
  `mbprice` float NOT NULL,
  `mbtype` varchar(30) CHARACTER SET utf8 COLLATE utf8_general_ci NOT NULL,
  `mbserial` float NOT NULL,
  `mbserial_id` varchar(10) CHARACTER SET utf8 COLLATE utf8_general_ci NOT NULL,
  `mbunit_id` varchar(15) CHARACTER SET utf8 COLLATE utf8_general_ci NOT NULL,
  `jvno` varchar(25) CHARACTER SET utf8 COLLATE utf8_general_ci NOT NULL,
  `part_no` varchar(200) DEFAULT NULL
) ENGINE=InnoDB DEFAULT CHARSET=latin1 COLLATE=latin1_swedish_ci;

-- --------------------------------------------------------

--
-- Table structure for table `menus`
--

CREATE TABLE `menus` (
  `id` int(10) UNSIGNED NOT NULL,
  `type` enum('backend','frontend') NOT NULL,
  `name` varchar(191) NOT NULL,
  `items` text DEFAULT NULL,
  `created_by` int(10) UNSIGNED NOT NULL,
  `updated_by` int(10) UNSIGNED DEFAULT NULL,
  `created_at` timestamp NULL DEFAULT NULL,
  `updated_at` timestamp NULL DEFAULT NULL,
  `deleted_at` timestamp NULL DEFAULT NULL
) ENGINE=InnoDB DEFAULT CHARSET=utf8mb4 COLLATE=utf8mb4_unicode_ci;

-- --------------------------------------------------------

--
-- Table structure for table `migrations`
--

CREATE TABLE `migrations` (
  `id` int(10) UNSIGNED NOT NULL,
  `migration` varchar(191) NOT NULL,
  `batch` int(11) NOT NULL
) ENGINE=InnoDB DEFAULT CHARSET=utf8mb4 COLLATE=utf8mb4_unicode_ci;

-- --------------------------------------------------------

--
-- Table structure for table `modules`
--

CREATE TABLE `modules` (
  `id` int(10) UNSIGNED NOT NULL,
  `view_permission_id` varchar(191) NOT NULL,
  `name` varchar(191) NOT NULL,
  `url` varchar(191) DEFAULT NULL COMMENT 'view_route',
  `created_by` int(10) UNSIGNED NOT NULL,
  `updated_by` int(10) UNSIGNED DEFAULT NULL,
  `created_at` timestamp NULL DEFAULT NULL,
  `updated_at` timestamp NULL DEFAULT NULL
) ENGINE=InnoDB DEFAULT CHARSET=utf8mb4 COLLATE=utf8mb4_unicode_ci;

-- --------------------------------------------------------

--
-- Table structure for table `notifications`
--

CREATE TABLE `notifications` (
  `id` int(10) UNSIGNED NOT NULL,
  `message` varchar(191) NOT NULL,
  `user_id` int(10) UNSIGNED NOT NULL,
  `type` tinyint(1) NOT NULL DEFAULT 1 COMMENT '1 - Dashboard , 2 - Email , 3 - Both',
  `is_read` tinyint(1) NOT NULL DEFAULT 0,
  `created_at` timestamp NULL DEFAULT NULL,
  `updated_at` timestamp NULL DEFAULT NULL
) ENGINE=InnoDB DEFAULT CHARSET=utf8mb4 COLLATE=utf8mb4_unicode_ci;

-- --------------------------------------------------------

--
-- Table structure for table `packages`
--

CREATE TABLE `packages` (
  `id` int(11) NOT NULL,
  `package_id` varchar(100) NOT NULL,
  `project_id` int(11) NOT NULL,
  `warehouse_id` varchar(100) NOT NULL,
  `name` varchar(100) NOT NULL,
  `short_name` varchar(100) NOT NULL,
  `created_at` datetime NOT NULL DEFAULT current_timestamp(),
  `updated_at` datetime DEFAULT NULL
) ENGINE=InnoDB DEFAULT CHARSET=utf8 COLLATE=utf8_general_ci;

--
-- Dumping data for table `packages`
--

INSERT INTO `packages` (`id`, `package_id`, `project_id`, `warehouse_id`, `name`, `short_name`, `created_at`, `updated_at`) VALUES
(1, 'PCK-001', 1, '1', 'Package No - 71', '', '2023-08-23 11:58:32', NULL),
(2, 'PCK-002', 1, '1', 'Package No - 88', '', '2023-08-23 12:00:34', NULL);

-- --------------------------------------------------------

--
-- Table structure for table `pages`
--

CREATE TABLE `pages` (
  `id` int(10) UNSIGNED NOT NULL,
  `title` varchar(191) NOT NULL,
  `page_slug` varchar(191) NOT NULL,
  `description` text DEFAULT NULL,
  `cannonical_link` varchar(191) DEFAULT NULL,
  `seo_title` varchar(191) DEFAULT NULL,
  `seo_keyword` varchar(191) DEFAULT NULL,
  `seo_description` text DEFAULT NULL,
  `status` tinyint(1) NOT NULL DEFAULT 1,
  `created_by` int(10) UNSIGNED NOT NULL,
  `updated_by` int(10) UNSIGNED DEFAULT NULL,
  `created_at` timestamp NULL DEFAULT NULL,
  `updated_at` timestamp NULL DEFAULT NULL,
  `deleted_at` timestamp NULL DEFAULT NULL
) ENGINE=InnoDB DEFAULT CHARSET=utf8mb4 COLLATE=utf8mb4_unicode_ci;

-- --------------------------------------------------------

--
-- Table structure for table `parent_category`
--

CREATE TABLE `parent_category` (
  `id` int(11) NOT NULL,
  `name` varchar(500) NOT NULL,
  `parent_code` varchar(400) NOT NULL,
  `description` text NOT NULL,
  `user_id` int(11) NOT NULL
) ENGINE=InnoDB DEFAULT CHARSET=utf8 COLLATE=utf8_general_ci;

-- --------------------------------------------------------

--
-- Table structure for table `password_resets`
--

CREATE TABLE `password_resets` (
  `email` varchar(191) NOT NULL,
  `token` varchar(191) NOT NULL,
  `created_at` datetime DEFAULT NULL
) ENGINE=InnoDB DEFAULT CHARSET=utf8mb4 COLLATE=utf8mb4_unicode_ci;

-- --------------------------------------------------------

--
-- Table structure for table `permissions`
--

CREATE TABLE `permissions` (
  `id` int(10) UNSIGNED NOT NULL,
  `name` varchar(191) NOT NULL,
  `display_name` varchar(191) NOT NULL,
  `permission_category` varchar(60) NOT NULL,
  `sort` smallint(5) UNSIGNED NOT NULL DEFAULT 0,
  `status` tinyint(1) NOT NULL DEFAULT 1,
  `created_by` int(11) DEFAULT NULL,
  `updated_by` int(10) UNSIGNED DEFAULT NULL,
  `created_at` timestamp NULL DEFAULT NULL,
  `updated_at` timestamp NULL DEFAULT NULL,
  `deleted_at` timestamp NULL DEFAULT NULL
) ENGINE=InnoDB DEFAULT CHARSET=utf8mb4 COLLATE=utf8mb4_unicode_ci;

--
-- Dumping data for table `permissions`
--

INSERT INTO `permissions` (`id`, `name`, `display_name`, `permission_category`, `sort`, `status`, `created_by`, `updated_by`, `created_at`, `updated_at`, `deleted_at`) VALUES
(1, 'material-list', 'Material List', 'Material', 0, 1, NULL, NULL, NULL, NULL, NULL),
(2, 'material-add', 'Material Entry', 'Material', 0, 1, NULL, NULL, NULL, NULL, NULL),
(3, 'material-edit', 'Material Update', 'Material', 0, 1, NULL, NULL, NULL, NULL, NULL),
(4, 'material-delete', 'Material Delete', 'Material', 0, 1, NULL, NULL, NULL, NULL, NULL),
(5, 'part-no-update', 'Part No Update', 'Material', 0, 1, NULL, NULL, NULL, NULL, NULL),
(6, 'category-list', 'Category List', 'Material Category', 0, 1, NULL, NULL, NULL, NULL, NULL),
(7, 'category-add', 'Category Entry', 'Material Category', 0, 1, NULL, NULL, NULL, NULL, NULL),
(8, 'category-delete', 'Category Delete', 'Material Category', 0, 1, NULL, NULL, NULL, NULL, NULL),
(9, 'unit-list', 'Unit List', 'Material Unit', 0, 1, NULL, NULL, NULL, NULL, NULL),
(10, 'unit-add', 'Unit Entry', 'Material Unit', 0, 1, NULL, NULL, NULL, NULL, NULL),
(11, 'unit-edit', 'Unit Update', 'Material Unit', 0, 1, NULL, NULL, NULL, NULL, NULL),
(12, 'unit-delete', 'Unit Delete', 'Material Unit', 0, 1, NULL, NULL, NULL, NULL, NULL),
(13, 'project-list', 'Project List', 'Projects', 0, 1, NULL, NULL, NULL, NULL, NULL),
(14, 'project-add', 'Project Entry', 'Projects', 0, 1, NULL, NULL, NULL, NULL, NULL),
(15, 'project-edit', 'Project Update', 'Projects', 0, 1, NULL, NULL, NULL, NULL, NULL),
(16, 'project-delete', 'Project Delete', 'Projects', 0, 1, NULL, NULL, NULL, NULL, NULL),
(17, 'warehouse-list', 'Warehouse List', 'Warehouse', 0, 1, NULL, NULL, NULL, NULL, NULL),
(18, 'warehouse-add', 'Warehouse Entry', 'Warehouse', 0, 1, NULL, NULL, NULL, NULL, NULL),
(19, 'warehouse-edit', 'Warehouse Update', 'Warehouse', 0, 1, NULL, NULL, NULL, NULL, NULL),
(20, 'warehouse-delete', 'Warehouse Delete', 'Warehouse', 0, 1, NULL, NULL, NULL, NULL, NULL),
(21, 'equipment-list', 'Equipment List', 'Equipment', 0, 1, NULL, NULL, NULL, NULL, NULL),
(22, 'equipment-add', 'Equipment Entry', 'Equipment', 0, 1, NULL, NULL, NULL, NULL, NULL),
(23, 'equipment-edit', 'Equipment Update', 'Equipment', 0, 1, NULL, NULL, NULL, NULL, NULL),
(24, 'equipment-delete', 'Equipment Delete', 'Equipment', 0, 1, NULL, NULL, NULL, NULL, NULL),
(25, 'opening-stock-list', 'Opening Stock List', 'Opening Stock', 0, 1, NULL, NULL, NULL, NULL, NULL),
(26, 'opening-stock-edit', 'Opening Stock Update', 'Opening Stock', 0, 1, NULL, NULL, NULL, NULL, NULL),
(27, 'material-receive-list', 'Material Receive List', 'Material Receive', 0, 1, NULL, NULL, NULL, NULL, NULL),
(28, 'material-receive-add', 'Material Receive Entry', 'Material Receive', 0, 1, NULL, NULL, NULL, NULL, NULL),
(29, 'material-receive-edit', 'Material Receive Update', 'Material Receive', 0, 1, NULL, NULL, NULL, NULL, NULL),
(30, 'material-receive-delete', 'Material Receive Delete', 'Material Receive', 0, 1, NULL, NULL, NULL, NULL, NULL),
(31, 'material-issue-list', 'Material Issue List', 'Material Issue', 0, 1, NULL, NULL, NULL, NULL, NULL),
(32, 'material-issue-add', 'Material Issue Entry', 'Material Issue', 0, 1, NULL, NULL, NULL, NULL, NULL),
(33, 'material-issue-edit', 'Material Issue Update', 'Material Issue', 0, 1, NULL, NULL, NULL, NULL, NULL),
(34, 'material-issue-delete', 'Material Issue Delete', 'Material Issue', 0, 1, NULL, NULL, NULL, NULL, NULL),
(35, 'user-list', 'User List', 'User', 0, 1, NULL, NULL, NULL, NULL, NULL),
(36, 'user-add', 'User Entry', 'User', 0, 1, NULL, NULL, NULL, NULL, NULL),
(37, 'user-edit', 'User Update', 'User', 0, 1, NULL, NULL, NULL, NULL, NULL),
(38, 'user-profile-update', 'User Profile Update', 'User', 0, 1, NULL, NULL, NULL, NULL, NULL),
(39, 'user-delete', 'User Delete', 'User', 0, 1, NULL, NULL, NULL, NULL, NULL),
(40, 'role-list', 'Role List', 'Role', 0, 1, NULL, NULL, NULL, NULL, NULL),
(41, 'role-add', 'Role Entry', 'Role', 0, 1, NULL, NULL, NULL, NULL, NULL),
(42, 'role-edit', 'Role Update', 'Role', 0, 1, NULL, NULL, NULL, NULL, NULL),
(43, 'role-delete', 'Role Delete', 'Role', 0, 1, NULL, NULL, NULL, NULL, NULL),
(44, 'category-wise-material-list', 'Categorywise Material List', 'Material Stock Report', 0, 1, NULL, NULL, NULL, NULL, NULL),
(45, 'material-stock-report', 'Material Stock Report', 'Material Stock Report', 0, 1, NULL, NULL, NULL, NULL, NULL),
(46, 'material-wise-stock-report', 'Materialwise Stock Report', 'Material Stock Report', 0, 1, NULL, NULL, NULL, NULL, NULL),
(47, 'category-wise-material-stock-report', 'Categorywise material Stock Report', 'Material Stock Report', 0, 1, NULL, NULL, NULL, NULL, NULL),
(48, 'material-movement-report', 'Material Movement Report', 'Material Stock Report', 0, 1, NULL, NULL, NULL, NULL, NULL),
(49, 'equipment-history', 'Equipment History', 'Material Stock Report', 0, 1, NULL, NULL, NULL, NULL, NULL),
(50, 'material-history', 'Material History', 'Material Stock Report', 0, 1, NULL, NULL, NULL, NULL, NULL),
(51, 'material-receive-history', 'Material Receive History', 'Material Stock Report', 0, 1, NULL, NULL, NULL, NULL, NULL),
(52, 'material-issue-history', 'Material Issue History', 'Material Stock Report', 0, 1, NULL, NULL, NULL, NULL, NULL),
(53, 'material-receive-details', 'Material Receive Details', 'Material Stock Report', 0, 1, NULL, NULL, NULL, NULL, NULL),
(54, 'categorywise-material-receive-details', 'Categorywise Material Receive Details', 'Material Stock Report', 0, 1, NULL, NULL, NULL, NULL, NULL),
(55, 'material-issue-details', 'Material Issue Details', 'Material Stock Report', 0, 1, NULL, NULL, NULL, NULL, NULL),
(56, 'categorywise-material-issue-details', 'Categorywise Material Issue Details', 'Material Stock Report', 0, 1, NULL, NULL, NULL, NULL, NULL),
(57, 'material-issue-approve', 'Material Issue Approve', 'Material Issue', 0, 1, NULL, NULL, NULL, NULL, NULL),
(58, 'material-receive-approve', 'Material Receive Approve', 'Material Receive', 0, 1, NULL, NULL, NULL, NULL, NULL),
(59, 'data-backup', 'Data Backup', 'Material', 0, 1, NULL, NULL, NULL, NULL, NULL),
(60, 'log-history', 'Log History', 'Report Part', 0, 1, NULL, NULL, NULL, NULL, NULL),
(61, 'consumption_report', 'Material Consumption Report', 'Material Stock Report', 0, 1, NULL, NULL, NULL, NULL, NULL);

-- --------------------------------------------------------

--
-- Table structure for table `permission_role`
--

CREATE TABLE `permission_role` (
  `id` int(10) UNSIGNED NOT NULL,
  `permission_id` int(10) UNSIGNED NOT NULL,
  `role_id` int(10) UNSIGNED NOT NULL
) ENGINE=InnoDB DEFAULT CHARSET=utf8mb4 COLLATE=utf8mb4_unicode_ci;

--
-- Dumping data for table `permission_role`
--

INSERT INTO `permission_role` (`id`, `permission_id`, `role_id`) VALUES
(116, 56, 14),
(117, 55, 14),
(118, 54, 14),
(119, 53, 14),
(120, 52, 14),
(121, 51, 14),
(122, 50, 14),
(123, 49, 14),
(124, 48, 14),
(125, 47, 14),
(126, 46, 14),
(127, 45, 14),
(128, 44, 14),
(129, 43, 14),
(131, 41, 14),
(132, 40, 14),
(133, 39, 14),
(134, 38, 14),
(135, 37, 14),
(136, 36, 14),
(137, 35, 14),
(138, 34, 14),
(140, 32, 14),
(141, 31, 14),
(142, 30, 14),
(143, 27, 14),
(146, 24, 14),
(147, 23, 14),
(148, 22, 14),
(149, 21, 14),
(150, 20, 14),
(151, 19, 14),
(152, 18, 14),
(153, 17, 14),
(154, 16, 14),
(155, 15, 14),
(156, 14, 14),
(157, 13, 14),
(158, 12, 14),
(159, 11, 14),
(160, 10, 14),
(161, 9, 14),
(162, 8, 14),
(163, 7, 14),
(164, 6, 14),
(165, 5, 14),
(166, 4, 14),
(168, 2, 14),
(170, 29, 14),
(171, 28, 14),
(173, 55, 15),
(174, 54, 15),
(175, 53, 15),
(176, 52, 15),
(177, 51, 15),
(178, 50, 15),
(179, 49, 15),
(180, 48, 15),
(181, 47, 15),
(182, 46, 15),
(184, 44, 15),
(187, 31, 15),
(188, 27, 15),
(197, 3, 14),
(198, 1, 14),
(199, 42, 14),
(201, 32, 15),
(203, 28, 15),
(204, 56, 15),
(205, 45, 15),
(207, 59, 14),
(208, 1, 16),
(209, 58, 16),
(210, 27, 16),
(211, 57, 16),
(212, 31, 16),
(213, 56, 16),
(214, 55, 16),
(215, 54, 16),
(216, 53, 16),
(217, 52, 16),
(218, 51, 16),
(219, 50, 16),
(220, 49, 16),
(221, 48, 16),
(222, 47, 16),
(223, 46, 16),
(224, 45, 16),
(225, 44, 16),
(226, 40, 16),
(227, 35, 16),
(228, 21, 16),
(229, 17, 16),
(230, 13, 16),
(231, 9, 16),
(232, 6, 16),
(235, 60, 14),
(237, 33, 14),
(240, 43, 16),
(241, 42, 16),
(242, 41, 16),
(243, 61, 14);

-- --------------------------------------------------------

--
-- Table structure for table `permission_user`
--

CREATE TABLE `permission_user` (
  `id` int(10) UNSIGNED NOT NULL,
  `permission_id` int(10) UNSIGNED NOT NULL,
  `user_id` int(10) UNSIGNED NOT NULL
) ENGINE=InnoDB DEFAULT CHARSET=utf8mb4 COLLATE=utf8mb4_unicode_ci;

-- --------------------------------------------------------

--
-- Table structure for table `plant_and_equipment`
--

CREATE TABLE `plant_and_equipment` (
  `id` int(11) NOT NULL,
  `project_id` int(11) DEFAULT NULL,
  `equipment_type` int(11) DEFAULT NULL,
  `date_form` datetime DEFAULT NULL,
  `date_to` datetime DEFAULT NULL,
  `name` varchar(700) DEFAULT NULL,
  `eel_code` varchar(300) DEFAULT NULL,
  `country_of_origin` varchar(400) DEFAULT NULL,
  `capacity` varchar(300) DEFAULT NULL,
  `make_by` varchar(300) DEFAULT NULL,
  `model` varchar(300) DEFAULT NULL,
  `year_of_manufac` int(11) DEFAULT NULL,
  `present_location` varchar(300) DEFAULT NULL,
  `present_condition` varchar(400) DEFAULT NULL,
  `remarks` text NOT NULL,
  `created_by` int(11) DEFAULT NULL,
  `updated_by` int(11) DEFAULT NULL,
  `created_at` timestamp NULL DEFAULT NULL,
  `updated_at` timestamp NULL DEFAULT NULL,
  `deleted_at` timestamp NULL DEFAULT NULL
) ENGINE=InnoDB DEFAULT CHARSET=latin1 COLLATE=latin1_swedish_ci;

-- --------------------------------------------------------

--
-- Table structure for table `present_condition`
--

CREATE TABLE `present_condition` (
  `id` int(11) NOT NULL,
  `name` varchar(500) NOT NULL
) ENGINE=InnoDB DEFAULT CHARSET=latin1 COLLATE=latin1_swedish_ci;

-- --------------------------------------------------------

--
-- Table structure for table `products`
--

CREATE TABLE `products` (
  `id` int(11) NOT NULL,
  `item_id` int(11) NOT NULL,
  `code` varchar(200) DEFAULT NULL,
  `name` varchar(400) DEFAULT NULL,
  `unit_name` varchar(100) DEFAULT NULL,
  `created_by` int(11) DEFAULT NULL,
  `updated_by` int(11) DEFAULT NULL,
  `created_at` timestamp NULL DEFAULT NULL,
  `updated_at` timestamp NULL DEFAULT NULL,
  `deleted_at` timestamp NULL DEFAULT NULL
) ENGINE=InnoDB DEFAULT CHARSET=latin1 COLLATE=latin1_swedish_ci;

-- --------------------------------------------------------

--
-- Table structure for table `product_movement`
--

CREATE TABLE `product_movement` (
  `id` int(11) NOT NULL,
  `movement_no` varchar(500) DEFAULT NULL,
  `entry_date` datetime NOT NULL,
  `from_date` datetime DEFAULT NULL,
  `to_date` datetime DEFAULT NULL,
  `project_form` int(11) DEFAULT NULL,
  `project_to` int(11) DEFAULT NULL,
  `total_quantity` int(11) NOT NULL,
  `remarks` text DEFAULT NULL,
  `movement_type` int(11) NOT NULL,
  `created_by` int(11) DEFAULT NULL,
  `updated_by` int(11) DEFAULT NULL,
  `created_at` timestamp NULL DEFAULT NULL,
  `updated_at` timestamp NULL DEFAULT NULL,
  `deleted_at` timestamp NULL DEFAULT NULL
) ENGINE=InnoDB DEFAULT CHARSET=latin1 COLLATE=latin1_swedish_ci;

-- --------------------------------------------------------

--
-- Table structure for table `product_movement_details`
--

CREATE TABLE `product_movement_details` (
  `id` int(11) NOT NULL,
  `movement_no` varchar(500) NOT NULL,
  `product_id` int(11) NOT NULL,
  `quantity` int(11) DEFAULT NULL,
  `created_by` int(11) DEFAULT NULL,
  `updated_by` int(11) DEFAULT NULL,
  `created_at` timestamp NULL DEFAULT NULL,
  `updated_at` timestamp NULL DEFAULT NULL,
  `deleted_at` timestamp NULL DEFAULT NULL
) ENGINE=InnoDB DEFAULT CHARSET=latin1 COLLATE=latin1_swedish_ci;

-- --------------------------------------------------------

--
-- Table structure for table `projects`
--

CREATE TABLE `projects` (
  `id` int(11) NOT NULL,
  `code` varchar(200) DEFAULT NULL,
  `name` varchar(500) NOT NULL,
  `incharge` varchar(100) NOT NULL,
  `address` text DEFAULT NULL,
  `created_by` int(11) DEFAULT NULL,
  `updated_by` int(11) DEFAULT NULL,
  `created_at` timestamp NULL DEFAULT current_timestamp(),
  `updated_at` timestamp NULL DEFAULT NULL,
  `deleted_at` timestamp NULL DEFAULT NULL
) ENGINE=InnoDB DEFAULT CHARSET=latin1 COLLATE=latin1_swedish_ci;

--
-- Dumping data for table `projects`
--

INSERT INTO `projects` (`id`, `code`, `name`, `incharge`, `address`, `created_by`, `updated_by`, `created_at`, `updated_at`, `deleted_at`) VALUES
(1, 'PR-001', 'Mongla BNS Project', '-', 'Mongla', NULL, NULL, '2020-12-14 04:48:32', NULL, NULL);

-- --------------------------------------------------------

--
-- Table structure for table `project_type`
--

CREATE TABLE `project_type` (
  `id` int(11) NOT NULL,
  `name` varchar(600) DEFAULT NULL,
  `created_by` int(11) NOT NULL,
  `updated_by` int(11) NOT NULL,
  `created_at` timestamp NOT NULL DEFAULT current_timestamp() ON UPDATE current_timestamp(),
  `updated_at` timestamp NOT NULL DEFAULT '0000-00-00 00:00:00',
  `deleted_at` timestamp NOT NULL DEFAULT '0000-00-00 00:00:00'
) ENGINE=InnoDB DEFAULT CHARSET=latin1 COLLATE=latin1_swedish_ci;

-- --------------------------------------------------------

--
-- Table structure for table `rlp_access_chain`
--

CREATE TABLE `rlp_access_chain` (
  `id` int(11) NOT NULL,
  `chain_type` varchar(150) NOT NULL DEFAULT 'default',
  `division_id` int(11) NOT NULL,
  `department_id` int(11) NOT NULL,
  `project_id` int(11) NOT NULL,
  `rlp_type` int(11) DEFAULT NULL,
  `users` longtext NOT NULL,
  `created_by` int(11) NOT NULL,
  `created_at` datetime NOT NULL,
  `updated_by` int(11) DEFAULT NULL,
  `updated_at` datetime DEFAULT NULL
) ENGINE=InnoDB DEFAULT CHARSET=utf8 COLLATE=utf8_general_ci;

--
-- Dumping data for table `rlp_access_chain`
--

INSERT INTO `rlp_access_chain` (`id`, `chain_type`, `division_id`, `department_id`, `project_id`, `rlp_type`, `users`, `created_by`, `created_at`, `updated_by`, `updated_at`) VALUES
(41, 'default', 15, 128, 1, 0, '{\"84\":\"1\",\"3368\":\"2\"}', 1, '2022-11-29 09:47:07', NULL, NULL);

-- --------------------------------------------------------

--
-- Table structure for table `roles`
--

CREATE TABLE `roles` (
  `id` int(10) UNSIGNED NOT NULL,
  `name` varchar(191) NOT NULL,
  `all` tinyint(1) NOT NULL DEFAULT 0,
  `sort` smallint(5) UNSIGNED NOT NULL DEFAULT 0,
  `status` tinyint(1) NOT NULL DEFAULT 1,
  `created_by` int(11) DEFAULT NULL,
  `updated_by` int(10) UNSIGNED DEFAULT NULL,
  `created_at` timestamp NULL DEFAULT NULL,
  `updated_at` timestamp NULL DEFAULT NULL,
  `deleted_at` timestamp NULL DEFAULT NULL
) ENGINE=InnoDB DEFAULT CHARSET=utf8mb4 COLLATE=utf8mb4_unicode_ci;

--
-- Dumping data for table `roles`
--

INSERT INTO `roles` (`id`, `name`, `all`, `sort`, `status`, `created_by`, `updated_by`, `created_at`, `updated_at`, `deleted_at`) VALUES
(14, 'Admin', 0, 0, 1, NULL, NULL, NULL, NULL, NULL),
(15, 'Operator', 0, 0, 1, NULL, NULL, NULL, NULL, NULL),
(16, 'Super Admin', 0, 0, 1, NULL, NULL, NULL, NULL, NULL);

-- --------------------------------------------------------

--
-- Table structure for table `roles_group`
--

CREATE TABLE `roles_group` (
  `id` int(11) NOT NULL,
  `name` varchar(450) NOT NULL,
  `details` longtext NOT NULL
) ENGINE=InnoDB DEFAULT CHARSET=utf8 COLLATE=utf8_general_ci;

--
-- Dumping data for table `roles_group`
--

INSERT INTO `roles_group` (`id`, `name`, `details`) VALUES
(1, 'member', '[\"g1\",\"g2\",\"g3\",\"g4\",\"g5\",\"g6\",\"g7\",\"g8\"]'),
(2, 'acknowledgers', '[\"g9\",\"g10\",\"g11\",\"g12\",\"g13\",\"g14\",\"g15\"]'),
(3, 'approval', '[\"g16\",\"g17\",\"g18\",\"g19\",\"g20\"]');

-- --------------------------------------------------------

--
-- Table structure for table `role_user`
--

CREATE TABLE `role_user` (
  `id` int(10) UNSIGNED NOT NULL,
  `user_id` int(10) UNSIGNED NOT NULL,
  `role_id` int(10) UNSIGNED NOT NULL
) ENGINE=InnoDB DEFAULT CHARSET=utf8mb4 COLLATE=utf8mb4_unicode_ci;

-- --------------------------------------------------------

--
-- Table structure for table `sessions`
--

CREATE TABLE `sessions` (
  `id` varchar(191) NOT NULL,
  `user_id` int(10) UNSIGNED DEFAULT NULL,
  `ip_address` varchar(45) DEFAULT NULL,
  `user_agent` text DEFAULT NULL,
  `payload` text NOT NULL,
  `last_activity` int(11) NOT NULL
) ENGINE=InnoDB DEFAULT CHARSET=utf8mb4 COLLATE=utf8mb4_unicode_ci;

-- --------------------------------------------------------

--
-- Table structure for table `settings`
--

CREATE TABLE `settings` (
  `id` int(10) UNSIGNED NOT NULL,
  `name` varchar(600) DEFAULT NULL,
  `logo` varchar(191) DEFAULT NULL,
  `favicon` varchar(191) DEFAULT NULL,
  `seo_title` varchar(191) DEFAULT NULL,
  `seo_keyword` text DEFAULT NULL,
  `seo_description` text DEFAULT NULL,
  `company_contact` varchar(191) DEFAULT NULL,
  `company_address` text DEFAULT NULL,
  `from_name` varchar(191) DEFAULT NULL,
  `from_email` varchar(191) DEFAULT NULL,
  `facebook` varchar(191) DEFAULT NULL,
  `linkedin` varchar(191) DEFAULT NULL,
  `twitter` varchar(191) DEFAULT NULL,
  `google` varchar(191) DEFAULT NULL,
  `copyright_text` varchar(191) DEFAULT NULL,
  `footer_text` varchar(191) DEFAULT NULL,
  `terms` text DEFAULT NULL,
  `disclaimer` text DEFAULT NULL,
  `google_analytics` text DEFAULT NULL,
  `home_video1` varchar(191) DEFAULT NULL,
  `home_video2` varchar(191) DEFAULT NULL,
  `home_video3` varchar(191) DEFAULT NULL,
  `home_video4` varchar(191) DEFAULT NULL,
  `explanation1` varchar(191) DEFAULT NULL,
  `explanation2` varchar(191) DEFAULT NULL,
  `explanation3` varchar(191) DEFAULT NULL,
  `explanation4` varchar(191) DEFAULT NULL,
  `values` text DEFAULT NULL,
  `data_type` varchar(100) DEFAULT NULL,
  `post_type` varchar(100) DEFAULT NULL,
  `created_at` timestamp NULL DEFAULT NULL,
  `updated_at` timestamp NULL DEFAULT NULL
) ENGINE=InnoDB DEFAULT CHARSET=utf8mb4 COLLATE=utf8mb4_unicode_ci;

-- --------------------------------------------------------

--
-- Table structure for table `social_logins`
--

CREATE TABLE `social_logins` (
  `id` int(10) UNSIGNED NOT NULL,
  `user_id` int(10) UNSIGNED NOT NULL,
  `provider` varchar(32) NOT NULL,
  `provider_id` varchar(191) NOT NULL,
  `token` varchar(191) DEFAULT NULL,
  `avatar` varchar(191) DEFAULT NULL,
  `created_at` timestamp NULL DEFAULT NULL,
  `updated_at` timestamp NULL DEFAULT NULL
) ENGINE=InnoDB DEFAULT CHARSET=utf8mb4 COLLATE=utf8mb4_unicode_ci;

-- --------------------------------------------------------

--
-- Table structure for table `sttable`
--

CREATE TABLE `sttable` (
  `id` int(11) NOT NULL,
  `vehicleno` varchar(150) NOT NULL,
  `name` varchar(150) NOT NULL,
  `registrationno` varchar(150) NOT NULL,
  `tax_issdt` date NOT NULL,
  `tax_expdt` date NOT NULL,
  `fit_issdt` date NOT NULL,
  `fit_expdt` date NOT NULL,
  `ins_issdt` date NOT NULL,
  `ins_expdt` date NOT NULL,
  `rou_issdt` date NOT NULL,
  `rou_expdt` date NOT NULL,
  `engineno` varchar(55) NOT NULL,
  `chasisno` varchar(50) NOT NULL,
  `regdate` date NOT NULL,
  `serialno` varchar(50) NOT NULL,
  `modelno` varchar(50) NOT NULL,
  `ccno` varchar(50) NOT NULL,
  `netvalue` int(11) NOT NULL,
  `sno` int(11) NOT NULL,
  `myear` varchar(50) NOT NULL,
  `office` varchar(75) NOT NULL,
  `division` varchar(79) NOT NULL,
  `location` varchar(80) NOT NULL,
  `photo` varchar(1000) NOT NULL,
  `status` varchar(100) NOT NULL
) ENGINE=InnoDB DEFAULT CHARSET=latin1 COLLATE=latin1_swedish_ci;

-- --------------------------------------------------------

--
-- Table structure for table `sub_category`
--

CREATE TABLE `sub_category` (
  `id` int(11) NOT NULL,
  `parent_id` int(11) NOT NULL,
  `sub_code` varchar(400) NOT NULL,
  `name` varchar(600) NOT NULL,
  `description` text NOT NULL,
  `user_id` int(11) NOT NULL
) ENGINE=InnoDB DEFAULT CHARSET=utf8 COLLATE=utf8_general_ci;

-- --------------------------------------------------------

--
-- Table structure for table `suppliers`
--

CREATE TABLE `suppliers` (
  `id` int(11) NOT NULL,
  `code` varchar(100) NOT NULL,
  `name` varchar(100) NOT NULL,
  `address` varchar(5000) NOT NULL,
  `contact_person` varchar(100) NOT NULL,
  `supplier_phone` varchar(100) NOT NULL,
  `supplier_op_balance` varchar(100) NOT NULL,
  `supplier_type` varchar(100) NOT NULL,
  `material_type` varchar(100) NOT NULL
) ENGINE=InnoDB DEFAULT CHARSET=utf8 COLLATE=utf8_general_ci;

--
-- Dumping data for table `suppliers`
--

INSERT INTO `suppliers` (`id`, `code`, `name`, `address`, `contact_person`, `supplier_phone`, `supplier_op_balance`, `supplier_type`, `material_type`) VALUES
(244, 'SID-001', 'M/S.Adriti Builders', 'Bosugao, Pubail, gazipur.', 'na', '01617-656444', '', 'credit', '144'),
(245, 'SID-002', 'Abul Khair Steel Melting Ltd.', 'Shitalpur, Sonaichari, Sitakunda, Chittagong.', 'na', '031-714541-44', '', 'credit', '144');

-- --------------------------------------------------------

--
-- Table structure for table `supplier_payment`
--

CREATE TABLE `supplier_payment` (
  `id` int(11) NOT NULL,
  `voucherid` varchar(15) CHARACTER SET latin1 COLLATE latin1_swedish_ci NOT NULL,
  `voucherdate` date NOT NULL,
  `supplierid` varchar(15) CHARACTER SET latin1 COLLATE latin1_swedish_ci NOT NULL,
  `paymenttype` varchar(25) CHARACTER SET latin1 COLLATE latin1_swedish_ci NOT NULL,
  `amount` double NOT NULL,
  `remarks` varchar(500) CHARACTER SET latin1 COLLATE latin1_swedish_ci NOT NULL,
  `sp_photo` varchar(1000) NOT NULL
) ENGINE=InnoDB DEFAULT CHARSET=utf8 COLLATE=utf8_general_ci;

-- --------------------------------------------------------

--
-- Table structure for table `tbl_customer`
--

CREATE TABLE `tbl_customer` (
  `CustomerID` int(11) NOT NULL,
  `CustomerName` varchar(250) NOT NULL,
  `Address` text NOT NULL,
  `City` varchar(250) NOT NULL,
  `PostalCode` varchar(30) NOT NULL,
  `Country` varchar(100) NOT NULL
) ENGINE=MyISAM DEFAULT CHARSET=latin1 COLLATE=latin1_swedish_ci;

-- --------------------------------------------------------

--
-- Table structure for table `tb_billpayment`
--

CREATE TABLE `tb_billpayment` (
  `id` int(11) NOT NULL,
  `mr_no` varchar(100) NOT NULL,
  `mr_date` varchar(100) NOT NULL,
  `invoice_no` varchar(100) NOT NULL,
  `customer_id` varchar(100) NOT NULL,
  `accheadname` varchar(100) NOT NULL,
  `debitamount` varchar(100) NOT NULL,
  `creditamount` varchar(100) NOT NULL,
  `mode` varchar(100) NOT NULL,
  `bank` varchar(100) NOT NULL,
  `branch` varchar(100) NOT NULL,
  `check_no` text NOT NULL,
  `check_date` varchar(100) NOT NULL,
  `job_card_no` varchar(100) NOT NULL,
  `remarks` longtext NOT NULL
) ENGINE=InnoDB DEFAULT CHARSET=utf8 COLLATE=utf8_general_ci;

-- --------------------------------------------------------

--
-- Table structure for table `tb_ledger`
--

CREATE TABLE `tb_ledger` (
  `id` int(11) NOT NULL,
  `source` varchar(100) NOT NULL,
  `ref_no` varchar(100) NOT NULL,
  `customer_id` varchar(100) NOT NULL,
  `tran_date` varchar(100) NOT NULL,
  `remarks` longtext NOT NULL,
  `debit` varchar(100) NOT NULL,
  `credit` varchar(100) NOT NULL
) ENGINE=InnoDB DEFAULT CHARSET=utf8 COLLATE=utf8_general_ci;

-- --------------------------------------------------------

--
-- Table structure for table `temp_product_receive_data`
--

CREATE TABLE `temp_product_receive_data` (
  `id` int(11) NOT NULL,
  `receive_no` varchar(500) NOT NULL,
  `receive_date` datetime NOT NULL,
  `product_id` int(11) NOT NULL,
  `part_no` varchar(500) NOT NULL,
  `supplier_id` varchar(250) DEFAULT NULL,
  `quantity` int(11) NOT NULL,
  `unit_price` float NOT NULL DEFAULT 0,
  `project_id` int(11) NOT NULL,
  `project_to_id` int(11) DEFAULT NULL
) ENGINE=InnoDB DEFAULT CHARSET=latin1 COLLATE=latin1_swedish_ci;

-- --------------------------------------------------------

--
-- Table structure for table `userlog`
--

CREATE TABLE `userlog` (
  `id` int(11) NOT NULL,
  `userId` int(11) NOT NULL,
  `username` varchar(255) NOT NULL,
  `role_id` int(11) NOT NULL,
  `employee_id` varchar(20) NOT NULL,
  `userIp` varbinary(16) NOT NULL,
  `loginTime` timestamp NOT NULL DEFAULT current_timestamp()
) ENGINE=InnoDB DEFAULT CHARSET=latin1 COLLATE=latin1_swedish_ci;

--
-- Dumping data for table `userlog`
--

INSERT INTO `userlog` (`id`, `userId`, `username`, `role_id`, `employee_id`, `userIp`, `loginTime`) VALUES
(4, 1, 'Admin CTED', 14, '', 0x3230332e38322e3230372e3831, '2023-06-12 08:55:23'),
(5, 7, 'User Zilani', 15, '', 0x3230332e38322e3230372e3831, '2023-06-12 08:55:38'),
(6, 1, 'Admin CTED', 14, '', 0x3230332e38322e3230372e3831, '2023-06-12 09:12:44'),
(7, 8, 'User Mamun', 15, '', 0x3230332e38322e3230372e3831, '2023-06-12 09:20:35'),
(8, 1, 'Admin CTED', 14, '', 0x3230332e38322e3230372e3831, '2023-06-12 09:20:52'),
(9, 8, 'User Mamun', 15, '', 0x3230332e38322e3230372e3831, '2023-06-12 09:21:11'),
(10, 1, 'Admin CTED', 14, '', 0x3230332e38322e3230372e3831, '2023-06-12 09:28:12'),
(11, 1, 'Admin CTED', 14, '', 0x3230332e38322e3230372e3831, '2023-06-12 10:18:09'),
(12, 1, 'Admin CTED', 14, '', 0x3230332e38322e3230372e3831, '2023-06-12 10:22:30'),
(13, 1, 'Admin CTED', 14, '', 0x3230332e38322e3230372e3831, '2023-06-12 11:01:54'),
(14, 1, 'Admin CTED', 14, '', 0x3230332e38322e3230372e3831, '2023-06-12 11:02:38'),
(15, 1, 'Admin CTED', 14, '', 0x3230332e38322e3230372e3831, '2023-06-12 11:12:48'),
(16, 1, 'Admin CTED', 14, '', 0x3230332e38322e3230372e3831, '2023-06-12 11:43:34'),
(17, 1, 'Admin CTED', 14, '', 0x3230332e38322e3230372e3831, '2023-06-12 11:56:33'),
(18, 1, 'Admin CTED', 14, '', 0x3230332e38322e3230372e3831, '2023-06-12 13:13:23'),
(19, 1, 'Admin CTED', 14, '', 0x3230332e38322e3230372e3831, '2023-06-13 03:30:54'),
(20, 4, 'Super Admin', 14, '', 0x3230332e38322e3230372e3831, '2023-06-13 03:35:43'),
(21, 4, 'Super Admin', 14, '', 0x3230332e38322e3230372e3831, '2023-06-13 03:35:44'),
(22, 1, 'Admin CTED', 14, '', 0x3230332e38322e3230372e3831, '2023-06-13 06:59:48'),
(23, 8, 'User Mamun', 15, '', 0x3230332e38322e3230372e3831, '2023-06-13 07:05:11'),
(24, 1, 'Admin CTED', 14, '', 0x3230332e38322e3230372e3831, '2023-06-13 09:28:19'),
(25, 4, 'Super Admin', 14, '', 0x3230332e38322e3230372e3831, '2023-06-13 09:30:51'),
(26, 1, 'Admin CTED', 14, '', 0x3230332e38322e3230372e3831, '2023-06-13 09:32:16'),
(27, 1, 'Admin CTED', 14, '', 0x3230332e38322e3230372e3831, '2023-06-13 09:50:40'),
(28, 1, 'Admin CTED', 14, '', 0x3230332e38322e3230372e3831, '2023-06-13 12:17:29'),
(29, 1, 'Admin CTED', 14, '', 0x3230332e38322e3230372e3831, '2023-06-14 02:59:02'),
(30, 1, 'Admin CTED', 14, '', 0x3230332e38322e3230372e3831, '2023-06-14 03:32:02'),
(31, 1, 'Admin CTED', 14, '', 0x3230332e38322e3230372e3831, '2023-06-14 04:00:56'),
(32, 1, 'Admin CTED', 14, '', 0x3230332e38322e3230372e3831, '2023-06-14 05:27:55'),
(33, 1, 'Admin CTED', 14, '', 0x3230332e38322e3230372e3831, '2023-06-14 06:59:54'),
(34, 1, 'Admin CTED', 14, '', 0x3230332e38322e3230372e3831, '2023-06-14 07:00:06'),
(35, 1, 'Admin CTED', 14, '', 0x3230332e38322e3230372e3831, '2023-06-14 08:45:41'),
(36, 1, 'Admin CTED', 14, '', 0x3230332e38322e3230372e3831, '2023-06-14 09:44:50'),
(37, 1, 'Admin CTED', 14, '', 0x3230332e38322e3230372e3831, '2023-06-14 09:50:23'),
(38, 8, 'User Mamun', 15, '', 0x3230332e38322e3230372e3831, '2023-06-14 09:53:51'),
(39, 1, 'Admin CTED', 14, '', 0x3230332e38322e3230372e3831, '2023-06-14 09:54:57'),
(40, 7, 'User Zilani', 15, '', 0x3230332e38322e3230372e3831, '2023-06-14 09:55:51'),
(41, 1, 'Admin CTED', 14, '', 0x3230332e38322e3230372e3831, '2023-06-14 09:56:32'),
(42, 1, 'Admin CTED', 14, '', 0x3230332e38322e3230372e3831, '2023-06-14 09:56:37'),
(43, 1, 'Admin CTED', 14, '', 0x3230332e38322e3230372e3831, '2023-06-14 09:57:40'),
(44, 1, 'Admin CTED', 14, '', 0x3230332e38322e3230372e3831, '2023-06-14 10:00:02'),
(45, 1, 'Admin CTED', 14, '', 0x3230332e38322e3230372e3831, '2023-06-14 10:21:32'),
(46, 8, 'User Mamun', 15, '', 0x3230332e38322e3230372e3831, '2023-06-14 10:22:57'),
(47, 1, 'Admin CTED', 14, '', 0x3230332e38322e3230372e3831, '2023-06-14 10:45:36'),
(48, 7, 'User Zilani', 15, '', 0x3230332e38322e3230372e3831, '2023-06-14 10:46:36'),
(49, 1, 'Admin CTED', 14, '', 0x3230332e38322e3230372e3831, '2023-06-14 10:47:07'),
(50, 8, 'User Mamun', 15, '', 0x3230332e38322e3230372e3831, '2023-06-15 04:06:06'),
(51, 7, 'User Zilani', 15, '', 0x3230332e38322e3230372e3831, '2023-06-15 05:44:41'),
(52, 1, 'Admin CTED', 14, '', 0x3230332e38322e3230372e3831, '2023-06-15 08:12:29'),
(53, 7, 'User Zilani', 15, '', 0x3230332e38322e3230372e3831, '2023-06-15 08:16:10'),
(54, 1, 'Admin CTED', 14, '', 0x3230332e38322e3230372e3831, '2023-06-15 08:44:56'),
(55, 1, 'Admin CTED', 14, '', 0x3230332e38322e3230372e3831, '2023-06-15 08:44:57'),
(56, 1, 'Admin CTED', 14, '', 0x3230332e38322e3230372e3831, '2023-06-15 08:44:59'),
(57, 4, 'Super Admin', 14, '', 0x3230332e38322e3230372e3831, '2023-06-15 08:45:43'),
(58, 4, 'Super Admin', 14, '', 0x3230332e38322e3230372e3831, '2023-06-15 08:48:02'),
(59, 4, 'Super Admin', 14, '', 0x3230332e38322e3230372e3831, '2023-06-15 08:49:14'),
(60, 4, 'Super Admin', 14, '', 0x3230332e38322e3230372e3831, '2023-06-15 08:50:17'),
(61, 4, 'Super Admin', 14, '', 0x3230332e38322e3230372e3831, '2023-06-15 08:51:09'),
(62, 7, 'User Zilani', 15, '', 0x3230332e38322e3230372e3831, '2023-06-15 08:52:50'),
(63, 4, 'Super Admin', 14, '', 0x3230332e38322e3230372e3831, '2023-06-15 08:53:13'),
(64, 4, 'Super Admin', 14, '', 0x3230332e38322e3230372e3831, '2023-06-15 08:54:04'),
(65, 4, 'Super Admin', 14, '', 0x3a3a31, '2023-06-15 09:02:41'),
(66, 4, 'Super Admin', 16, '', 0x3a3a31, '2023-06-15 09:09:16'),
(67, 4, 'Super Admin', 16, '', 0x3a3a31, '2023-06-15 10:14:10'),
(68, 4, 'Super Admin', 16, '', 0x3a3a31, '2023-06-15 10:39:09'),
(69, 4, 'Super Admin', 16, '', 0x3a3a31, '2023-06-18 03:40:46'),
(70, 4, 'Super Admin', 16, '', 0x3a3a31, '2023-06-18 04:10:39'),
(71, 7, 'User Zilani', 15, '', 0x3a3a31, '2023-06-18 04:16:13'),
(72, 4, 'Super Admin', 16, '', 0x3a3a31, '2023-06-18 04:16:31'),
(73, 4, 'Super Admin Admin', 16, '', 0x3a3a31, '2023-06-18 04:41:25'),
(74, 4, 'Super Admin CTED', 16, '', 0x3a3a31, '2023-06-18 04:41:54'),
(75, 4, 'Super Admin CTED', 16, '', 0x3a3a31, '2023-06-18 04:42:49'),
(76, 4, 'Super Admin CTED', 16, '', 0x3a3a31, '2023-06-18 04:44:17'),
(77, 1, 'Super Admin', 1, '', 0x3a3a31, '2023-06-18 05:57:26'),
(78, 1, 'Super Admin', 1, '', 0x3a3a31, '2023-06-18 06:00:52'),
(79, 1, 'Super Admin', 1, '', 0x3a3a31, '2023-06-18 06:03:19'),
(80, 1, 'Super Admin', 1, '', 0x3a3a31, '2023-06-18 06:06:03'),
(81, 84, 'Md. Abdullah-al-mamun', 15, '', 0x3a3a31, '2023-06-18 06:08:20'),
(82, 84, 'Md. Abdullah-al-mamun', 15, '', 0x3a3a31, '2023-06-18 06:09:32'),
(83, 84, 'Md. Abdullah-al-mamun', 15, '', 0x3a3a31, '2023-06-18 06:13:10'),
(84, 84, 'Md. Abdullah-al-mamun', 15, '', 0x3a3a31, '2023-06-18 06:45:37'),
(85, 1, 'Super Admin', 14, '', 0x3a3a31, '2023-06-18 07:00:21'),
(86, 84, 'Md. Abdullah-al-mamun', 15, '', 0x3a3a31, '2023-06-18 08:02:52'),
(87, 3368, 'Md. Abdullah-al-mamun', 14, '', 0x3a3a31, '2023-06-18 08:26:00'),
(88, 1, 'Admin CTED', 14, '', 0x3a3a31, '2023-06-18 09:52:07'),
(89, 7, 'User Zilani', 15, '', 0x3a3a31, '2023-06-19 05:57:23'),
(90, 1, 'Admin CTED', 14, '', 0x3a3a31, '2023-06-19 06:23:51'),
(91, 1, 'Admin CTED', 14, '', 0x3a3a31, '2023-06-20 03:42:58'),
(92, 1, 'Admin CTED', 14, '', 0x3a3a31, '2023-06-20 04:51:46'),
(93, 1, 'Admin CTED', 14, '', 0x3a3a31, '2023-06-21 03:46:59'),
(94, 7, 'User Zilani', 15, '', 0x3a3a31, '2023-06-21 04:01:45'),
(95, 7, 'User Zilani', 15, '', 0x3a3a31, '2023-06-21 05:15:16'),
(96, 7, 'User Zilani', 15, '', 0x3a3a31, '2023-06-21 05:15:46'),
(97, 4, 'Super Admin CTED', 16, '', 0x3a3a31, '2023-06-21 10:17:06'),
(98, 1, 'Admin CTED', 14, '', 0x3a3a31, '2023-06-21 10:22:43'),
(99, 1, 'Admin CTED', 14, '', 0x3a3a31, '2023-06-22 03:35:14'),
(100, 1, 'Admin CTED', 14, '', 0x3a3a31, '2023-06-22 03:35:33'),
(101, 1, 'Admin CTED', 14, '', 0x3a3a31, '2023-06-22 04:55:58'),
(102, 1, 'Admin CTED', 14, '', 0x3a3a31, '2023-06-22 10:38:24'),
(103, 1, 'Admin CTED', 14, '', 0x3a3a31, '2023-06-26 04:23:28'),
(104, 1, 'Admin CTED', 14, '', 0x3a3a31, '2023-07-02 17:17:21'),
(105, 1, 'Admin CTED', 14, '', 0x3a3a31, '2023-07-09 07:09:07'),
(106, 1, 'Admin CTED', 14, '', 0x3a3a31, '2023-07-12 08:24:44'),
(107, 1, 'Admin CTED', 14, '', 0x3a3a31, '2023-07-31 08:34:29'),
(108, 1, 'Admin CTED', 14, '', 0x3a3a31, '2023-08-20 07:13:40'),
(109, 1, 'Admin CTED', 14, '', 0x3a3a31, '2023-08-20 09:40:45'),
(110, 1, 'Admin CTED', 14, '', 0x3a3a31, '2023-08-21 06:48:32'),
(111, 1, 'Admin CTED', 14, '', 0x3a3a31, '2023-08-22 03:33:17'),
(112, 1, 'Admin CTED', 14, '', 0x3a3a31, '2023-08-22 03:34:21'),
(113, 1, 'Admin CTED', 14, '', 0x3a3a31, '2023-08-22 06:46:32'),
(114, 1, 'Admin CTED', 14, '', 0x3a3a31, '2023-08-22 08:42:33'),
(115, 1, 'Admin CTED', 14, '', 0x3a3a31, '2023-08-23 03:49:04'),
(116, 1, 'Admin CTED', 14, '', 0x3a3a31, '2023-08-24 03:41:16');

-- --------------------------------------------------------

--
-- Table structure for table `users`
--

CREATE TABLE `users` (
  `id` int(11) NOT NULL,
  `id2` int(10) UNSIGNED NOT NULL,
  `first_name` varchar(191) NOT NULL,
  `last_name` varchar(191) NOT NULL,
  `name` varchar(50) NOT NULL,
  `user_type` varchar(100) NOT NULL,
  `branch_id` int(11) NOT NULL,
  `department_id` int(11) NOT NULL,
  `designation` int(11) NOT NULL,
  `office_id` varchar(15) NOT NULL,
  `project_id` varchar(100) NOT NULL,
  `warehouse_id` varchar(100) NOT NULL,
  `role_id` int(11) NOT NULL,
  `role_name` varchar(15) NOT NULL,
  `email` varchar(191) NOT NULL,
  `signature_image` varchar(200) NOT NULL,
  `is_password_change` tinyint(1) NOT NULL DEFAULT 0,
  `password` varchar(191) DEFAULT NULL,
  `status` tinyint(1) NOT NULL DEFAULT 1,
  `confirmation_code` varchar(191) DEFAULT NULL,
  `confirmed` tinyint(1) NOT NULL DEFAULT 0,
  `is_term_accept` tinyint(1) NOT NULL DEFAULT 0 COMMENT ' 0 = not accepted,1 = accepted',
  `remember_token` varchar(100) DEFAULT NULL,
  `created_by` int(11) DEFAULT NULL,
  `updated_by` int(10) UNSIGNED DEFAULT NULL,
  `created_at` timestamp NULL DEFAULT NULL,
  `updated_at` timestamp NULL DEFAULT NULL,
  `deleted_at` timestamp NULL DEFAULT NULL
) ENGINE=InnoDB DEFAULT CHARSET=utf8mb4 COLLATE=utf8mb4_unicode_ci;

--
-- Dumping data for table `users`
--

INSERT INTO `users` (`id`, `id2`, `first_name`, `last_name`, `name`, `user_type`, `branch_id`, `department_id`, `designation`, `office_id`, `project_id`, `warehouse_id`, `role_id`, `role_name`, `email`, `signature_image`, `is_password_change`, `password`, `status`, `confirmation_code`, `confirmed`, `is_term_accept`, `remember_token`, `created_by`, `updated_by`, `created_at`, `updated_at`, `deleted_at`) VALUES
(1, 1, 'Admin', 'CTED', 'Admin', 'Admin', 15, 128, 0, '', '1', '1', 14, '', 'admin@admin.com', '', 0, 'e10adc3949ba59abbe56e057f20f883e', 1, 'b1970adb3f301c8440c81e45b526060c', 1, 0, 'PCgsDtfHhHDhADntGcj7D97A9e4U0gtx0hlLn2heuaMyQBq5Gaa2sP55BPGr', 1, 1, '2019-01-14 00:17:02', '2019-01-20 20:36:38', NULL),
(4, 4, 'Super Admin', 'CTED', 'Super Admin', 'Super Admin', 15, 128, 0, '', '1', '1', 16, '', 'superadmin@admin.com', '', 0, 'e10adc3949ba59abbe56e057f20f883e', 1, 'b1970adb3f301c8440c81e45b526060c', 1, 0, 'PCgsDtfHhHDhADntGcj7D97A9e4U0gtx0hlLn2heuaMyQBq5Gaa2sP55BPGr', 4, 4, NULL, NULL, NULL);

--
-- Indexes for dumped tables
--

--
-- Indexes for table `branch`
--
ALTER TABLE `branch`
  ADD PRIMARY KEY (`id`);

--
-- Indexes for table `buildings`
--
ALTER TABLE `buildings`
  ADD PRIMARY KEY (`id`);

--
-- Indexes for table `complain_type`
--
ALTER TABLE `complain_type`
  ADD PRIMARY KEY (`id`);

--
-- Indexes for table `department`
--
ALTER TABLE `department`
  ADD PRIMARY KEY (`id`),
  ADD KEY `branch_id` (`branch_id`);

--
-- Indexes for table `designations`
--
ALTER TABLE `designations`
  ADD PRIMARY KEY (`id`);

--
-- Indexes for table `equipments`
--
ALTER TABLE `equipments`
  ADD PRIMARY KEY (`id`);

--
-- Indexes for table `inv_challan`
--
ALTER TABLE `inv_challan`
  ADD PRIMARY KEY (`id`);

--
-- Indexes for table `inv_complain`
--
ALTER TABLE `inv_complain`
  ADD PRIMARY KEY (`id`);

--
-- Indexes for table `inv_complaindetails`
--
ALTER TABLE `inv_complaindetails`
  ADD PRIMARY KEY (`id`);

--
-- Indexes for table `inv_designation`
--
ALTER TABLE `inv_designation`
  ADD PRIMARY KEY (`id`);

--
-- Indexes for table `inv_employee`
--
ALTER TABLE `inv_employee`
  ADD PRIMARY KEY (`id`);

--
-- Indexes for table `inv_invoice`
--
ALTER TABLE `inv_invoice`
  ADD PRIMARY KEY (`id`);

--
-- Indexes for table `inv_invoice_details`
--
ALTER TABLE `inv_invoice_details`
  ADD PRIMARY KEY (`id`);

--
-- Indexes for table `inv_issue`
--
ALTER TABLE `inv_issue`
  ADD PRIMARY KEY (`id`);

--
-- Indexes for table `inv_issuedetail`
--
ALTER TABLE `inv_issuedetail`
  ADD PRIMARY KEY (`id`);

--
-- Indexes for table `inv_item_unit`
--
ALTER TABLE `inv_item_unit`
  ADD PRIMARY KEY (`id`);

--
-- Indexes for table `inv_job_card`
--
ALTER TABLE `inv_job_card`
  ADD PRIMARY KEY (`id`);

--
-- Indexes for table `inv_job_card_details`
--
ALTER TABLE `inv_job_card_details`
  ADD PRIMARY KEY (`id`);

--
-- Indexes for table `inv_material`
--
ALTER TABLE `inv_material`
  ADD PRIMARY KEY (`id`);

--
-- Indexes for table `inv_materialbalance`
--
ALTER TABLE `inv_materialbalance`
  ADD PRIMARY KEY (`id`);

--
-- Indexes for table `inv_materialcategory`
--
ALTER TABLE `inv_materialcategory`
  ADD PRIMARY KEY (`id`);

--
-- Indexes for table `inv_materialcategorysub`
--
ALTER TABLE `inv_materialcategorysub`
  ADD PRIMARY KEY (`id`);

--
-- Indexes for table `inv_material_level3`
--
ALTER TABLE `inv_material_level3`
  ADD PRIMARY KEY (`id`);

--
-- Indexes for table `inv_material_level4`
--
ALTER TABLE `inv_material_level4`
  ADD PRIMARY KEY (`id`);

--
-- Indexes for table `inv_material_partno_detail`
--
ALTER TABLE `inv_material_partno_detail`
  ADD PRIMARY KEY (`id`);

--
-- Indexes for table `inv_particulars`
--
ALTER TABLE `inv_particulars`
  ADD PRIMARY KEY (`id`);

--
-- Indexes for table `inv_particulars_type`
--
ALTER TABLE `inv_particulars_type`
  ADD PRIMARY KEY (`id`);

--
-- Indexes for table `inv_product_price`
--
ALTER TABLE `inv_product_price`
  ADD PRIMARY KEY (`id`);

--
-- Indexes for table `inv_purchase`
--
ALTER TABLE `inv_purchase`
  ADD PRIMARY KEY (`id`);

--
-- Indexes for table `inv_purchasedetail`
--
ALTER TABLE `inv_purchasedetail`
  ADD PRIMARY KEY (`id`);

--
-- Indexes for table `inv_receive`
--
ALTER TABLE `inv_receive`
  ADD PRIMARY KEY (`id`);

--
-- Indexes for table `inv_receivedetail`
--
ALTER TABLE `inv_receivedetail`
  ADD PRIMARY KEY (`id`);

--
-- Indexes for table `inv_return`
--
ALTER TABLE `inv_return`
  ADD PRIMARY KEY (`id`);

--
-- Indexes for table `inv_returndetail`
--
ALTER TABLE `inv_returndetail`
  ADD PRIMARY KEY (`id`);

--
-- Indexes for table `inv_serviceinvoice`
--
ALTER TABLE `inv_serviceinvoice`
  ADD PRIMARY KEY (`id`);

--
-- Indexes for table `inv_supplier`
--
ALTER TABLE `inv_supplier`
  ADD PRIMARY KEY (`id`);

--
-- Indexes for table `inv_supplierbalance`
--
ALTER TABLE `inv_supplierbalance`
  ADD PRIMARY KEY (`id`);

--
-- Indexes for table `inv_technicianinfo`
--
ALTER TABLE `inv_technicianinfo`
  ADD PRIMARY KEY (`id`);

--
-- Indexes for table `inv_tranferdetail`
--
ALTER TABLE `inv_tranferdetail`
  ADD PRIMARY KEY (`id`);

--
-- Indexes for table `inv_transfermaster`
--
ALTER TABLE `inv_transfermaster`
  ADD PRIMARY KEY (`id`);

--
-- Indexes for table `inv_voucher`
--
ALTER TABLE `inv_voucher`
  ADD PRIMARY KEY (`id`);

--
-- Indexes for table `inv_voucherdetails`
--
ALTER TABLE `inv_voucherdetails`
  ADD PRIMARY KEY (`id`);

--
-- Indexes for table `inv_voucher_cat`
--
ALTER TABLE `inv_voucher_cat`
  ADD PRIMARY KEY (`id`);

--
-- Indexes for table `inv_warehosueinfo`
--
ALTER TABLE `inv_warehosueinfo`
  ADD PRIMARY KEY (`id`);

--
-- Indexes for table `materialbalance`
--
ALTER TABLE `materialbalance`
  ADD KEY `id` (`id`);

--
-- Indexes for table `packages`
--
ALTER TABLE `packages`
  ADD PRIMARY KEY (`id`);

--
-- Indexes for table `permissions`
--
ALTER TABLE `permissions`
  ADD PRIMARY KEY (`id`);

--
-- Indexes for table `permission_role`
--
ALTER TABLE `permission_role`
  ADD PRIMARY KEY (`id`);

--
-- Indexes for table `projects`
--
ALTER TABLE `projects`
  ADD PRIMARY KEY (`id`);

--
-- Indexes for table `rlp_access_chain`
--
ALTER TABLE `rlp_access_chain`
  ADD PRIMARY KEY (`id`);

--
-- Indexes for table `roles`
--
ALTER TABLE `roles`
  ADD PRIMARY KEY (`id`);

--
-- Indexes for table `roles_group`
--
ALTER TABLE `roles_group`
  ADD PRIMARY KEY (`id`);

--
-- Indexes for table `sttable`
--
ALTER TABLE `sttable`
  ADD PRIMARY KEY (`id`);

--
-- Indexes for table `suppliers`
--
ALTER TABLE `suppliers`
  ADD PRIMARY KEY (`id`);

--
-- Indexes for table `supplier_payment`
--
ALTER TABLE `supplier_payment`
  ADD PRIMARY KEY (`id`);

--
-- Indexes for table `tbl_customer`
--
ALTER TABLE `tbl_customer`
  ADD PRIMARY KEY (`CustomerID`);

--
-- Indexes for table `tb_billpayment`
--
ALTER TABLE `tb_billpayment`
  ADD PRIMARY KEY (`id`);

--
-- Indexes for table `tb_ledger`
--
ALTER TABLE `tb_ledger`
  ADD PRIMARY KEY (`id`);

--
-- Indexes for table `userlog`
--
ALTER TABLE `userlog`
  ADD PRIMARY KEY (`id`);

--
-- Indexes for table `users`
--
ALTER TABLE `users`
  ADD PRIMARY KEY (`id`);

--
-- AUTO_INCREMENT for dumped tables
--

--
-- AUTO_INCREMENT for table `branch`
--
ALTER TABLE `branch`
  MODIFY `id` int(11) NOT NULL AUTO_INCREMENT, AUTO_INCREMENT=16;

--
-- AUTO_INCREMENT for table `buildings`
--
ALTER TABLE `buildings`
  MODIFY `id` int(11) NOT NULL AUTO_INCREMENT;

--
-- AUTO_INCREMENT for table `complain_type`
--
ALTER TABLE `complain_type`
  MODIFY `id` int(11) NOT NULL AUTO_INCREMENT;

--
-- AUTO_INCREMENT for table `department`
--
ALTER TABLE `department`
  MODIFY `id` int(11) NOT NULL AUTO_INCREMENT, AUTO_INCREMENT=135;

--
-- AUTO_INCREMENT for table `designations`
--
ALTER TABLE `designations`
  MODIFY `id` int(11) NOT NULL AUTO_INCREMENT, AUTO_INCREMENT=245;

--
-- AUTO_INCREMENT for table `equipments`
--
ALTER TABLE `equipments`
  MODIFY `id` int(11) NOT NULL AUTO_INCREMENT, AUTO_INCREMENT=253;

--
-- AUTO_INCREMENT for table `inv_challan`
--
ALTER TABLE `inv_challan`
  MODIFY `id` int(11) NOT NULL AUTO_INCREMENT;

--
-- AUTO_INCREMENT for table `inv_complain`
--
ALTER TABLE `inv_complain`
  MODIFY `id` int(11) NOT NULL AUTO_INCREMENT;

--
-- AUTO_INCREMENT for table `inv_complaindetails`
--
ALTER TABLE `inv_complaindetails`
  MODIFY `id` int(11) NOT NULL AUTO_INCREMENT;

--
-- AUTO_INCREMENT for table `inv_designation`
--
ALTER TABLE `inv_designation`
  MODIFY `id` int(11) NOT NULL AUTO_INCREMENT;

--
-- AUTO_INCREMENT for table `inv_employee`
--
ALTER TABLE `inv_employee`
  MODIFY `id` int(11) NOT NULL AUTO_INCREMENT;

--
-- AUTO_INCREMENT for table `inv_invoice`
--
ALTER TABLE `inv_invoice`
  MODIFY `id` int(11) NOT NULL AUTO_INCREMENT;

--
-- AUTO_INCREMENT for table `inv_invoice_details`
--
ALTER TABLE `inv_invoice_details`
  MODIFY `id` int(11) NOT NULL AUTO_INCREMENT;

--
-- AUTO_INCREMENT for table `inv_issue`
--
ALTER TABLE `inv_issue`
  MODIFY `id` int(11) NOT NULL AUTO_INCREMENT, AUTO_INCREMENT=9231;

--
-- AUTO_INCREMENT for table `inv_issuedetail`
--
ALTER TABLE `inv_issuedetail`
  MODIFY `id` int(11) NOT NULL AUTO_INCREMENT, AUTO_INCREMENT=29582;

--
-- AUTO_INCREMENT for table `inv_item_unit`
--
ALTER TABLE `inv_item_unit`
  MODIFY `id` int(11) NOT NULL AUTO_INCREMENT, AUTO_INCREMENT=43;

--
-- AUTO_INCREMENT for table `inv_job_card`
--
ALTER TABLE `inv_job_card`
  MODIFY `id` int(11) NOT NULL AUTO_INCREMENT;

--
-- AUTO_INCREMENT for table `inv_job_card_details`
--
ALTER TABLE `inv_job_card_details`
  MODIFY `id` int(11) NOT NULL AUTO_INCREMENT;

--
-- AUTO_INCREMENT for table `inv_material`
--
ALTER TABLE `inv_material`
  MODIFY `id` int(11) NOT NULL AUTO_INCREMENT, AUTO_INCREMENT=993;

--
-- AUTO_INCREMENT for table `inv_materialbalance`
--
ALTER TABLE `inv_materialbalance`
  MODIFY `id` int(11) NOT NULL AUTO_INCREMENT, AUTO_INCREMENT=37171;

--
-- AUTO_INCREMENT for table `inv_materialcategory`
--
ALTER TABLE `inv_materialcategory`
  MODIFY `id` int(11) NOT NULL AUTO_INCREMENT, AUTO_INCREMENT=497;

--
-- AUTO_INCREMENT for table `inv_materialcategorysub`
--
ALTER TABLE `inv_materialcategorysub`
  MODIFY `id` int(11) NOT NULL AUTO_INCREMENT, AUTO_INCREMENT=151;

--
-- AUTO_INCREMENT for table `inv_material_level3`
--
ALTER TABLE `inv_material_level3`
  MODIFY `id` int(11) NOT NULL AUTO_INCREMENT, AUTO_INCREMENT=85;

--
-- AUTO_INCREMENT for table `inv_material_level4`
--
ALTER TABLE `inv_material_level4`
  MODIFY `id` int(11) NOT NULL AUTO_INCREMENT, AUTO_INCREMENT=83;

--
-- AUTO_INCREMENT for table `inv_material_partno_detail`
--
ALTER TABLE `inv_material_partno_detail`
  MODIFY `id` int(11) NOT NULL AUTO_INCREMENT, AUTO_INCREMENT=425;

--
-- AUTO_INCREMENT for table `inv_particulars`
--
ALTER TABLE `inv_particulars`
  MODIFY `id` int(11) NOT NULL AUTO_INCREMENT;

--
-- AUTO_INCREMENT for table `inv_particulars_type`
--
ALTER TABLE `inv_particulars_type`
  MODIFY `id` int(11) NOT NULL AUTO_INCREMENT;

--
-- AUTO_INCREMENT for table `inv_product_price`
--
ALTER TABLE `inv_product_price`
  MODIFY `id` int(11) NOT NULL AUTO_INCREMENT, AUTO_INCREMENT=695;

--
-- AUTO_INCREMENT for table `inv_purchase`
--
ALTER TABLE `inv_purchase`
  MODIFY `id` int(11) NOT NULL AUTO_INCREMENT;

--
-- AUTO_INCREMENT for table `inv_purchasedetail`
--
ALTER TABLE `inv_purchasedetail`
  MODIFY `id` int(11) NOT NULL AUTO_INCREMENT;

--
-- AUTO_INCREMENT for table `inv_receive`
--
ALTER TABLE `inv_receive`
  MODIFY `id` int(11) NOT NULL AUTO_INCREMENT, AUTO_INCREMENT=1685;

--
-- AUTO_INCREMENT for table `inv_receivedetail`
--
ALTER TABLE `inv_receivedetail`
  MODIFY `id` int(11) NOT NULL AUTO_INCREMENT, AUTO_INCREMENT=7122;

--
-- AUTO_INCREMENT for table `inv_return`
--
ALTER TABLE `inv_return`
  MODIFY `id` int(11) NOT NULL AUTO_INCREMENT;

--
-- AUTO_INCREMENT for table `inv_returndetail`
--
ALTER TABLE `inv_returndetail`
  MODIFY `id` int(11) NOT NULL AUTO_INCREMENT;

--
-- AUTO_INCREMENT for table `inv_serviceinvoice`
--
ALTER TABLE `inv_serviceinvoice`
  MODIFY `id` int(11) NOT NULL AUTO_INCREMENT;

--
-- AUTO_INCREMENT for table `inv_supplier`
--
ALTER TABLE `inv_supplier`
  MODIFY `id` int(11) NOT NULL AUTO_INCREMENT;

--
-- AUTO_INCREMENT for table `inv_supplierbalance`
--
ALTER TABLE `inv_supplierbalance`
  MODIFY `id` int(11) NOT NULL AUTO_INCREMENT, AUTO_INCREMENT=1686;

--
-- AUTO_INCREMENT for table `inv_technicianinfo`
--
ALTER TABLE `inv_technicianinfo`
  MODIFY `id` int(11) NOT NULL AUTO_INCREMENT;

--
-- AUTO_INCREMENT for table `inv_tranferdetail`
--
ALTER TABLE `inv_tranferdetail`
  MODIFY `id` int(11) NOT NULL AUTO_INCREMENT, AUTO_INCREMENT=7;

--
-- AUTO_INCREMENT for table `inv_transfermaster`
--
ALTER TABLE `inv_transfermaster`
  MODIFY `id` int(11) NOT NULL AUTO_INCREMENT, AUTO_INCREMENT=4;

--
-- AUTO_INCREMENT for table `inv_voucher`
--
ALTER TABLE `inv_voucher`
  MODIFY `id` int(11) NOT NULL AUTO_INCREMENT;

--
-- AUTO_INCREMENT for table `inv_voucherdetails`
--
ALTER TABLE `inv_voucherdetails`
  MODIFY `id` int(11) NOT NULL AUTO_INCREMENT;

--
-- AUTO_INCREMENT for table `inv_voucher_cat`
--
ALTER TABLE `inv_voucher_cat`
  MODIFY `id` int(11) NOT NULL AUTO_INCREMENT;

--
-- AUTO_INCREMENT for table `inv_warehosueinfo`
--
ALTER TABLE `inv_warehosueinfo`
  MODIFY `id` int(11) NOT NULL AUTO_INCREMENT, AUTO_INCREMENT=4;

--
-- AUTO_INCREMENT for table `materialbalance`
--
ALTER TABLE `materialbalance`
  MODIFY `id` int(11) NOT NULL AUTO_INCREMENT;

--
-- AUTO_INCREMENT for table `packages`
--
ALTER TABLE `packages`
  MODIFY `id` int(11) NOT NULL AUTO_INCREMENT, AUTO_INCREMENT=3;

--
-- AUTO_INCREMENT for table `permissions`
--
ALTER TABLE `permissions`
  MODIFY `id` int(10) UNSIGNED NOT NULL AUTO_INCREMENT, AUTO_INCREMENT=62;

--
-- AUTO_INCREMENT for table `permission_role`
--
ALTER TABLE `permission_role`
  MODIFY `id` int(10) UNSIGNED NOT NULL AUTO_INCREMENT, AUTO_INCREMENT=244;

--
-- AUTO_INCREMENT for table `projects`
--
ALTER TABLE `projects`
  MODIFY `id` int(11) NOT NULL AUTO_INCREMENT, AUTO_INCREMENT=2;

--
-- AUTO_INCREMENT for table `rlp_access_chain`
--
ALTER TABLE `rlp_access_chain`
  MODIFY `id` int(11) NOT NULL AUTO_INCREMENT, AUTO_INCREMENT=53;

--
-- AUTO_INCREMENT for table `roles`
--
ALTER TABLE `roles`
  MODIFY `id` int(10) UNSIGNED NOT NULL AUTO_INCREMENT, AUTO_INCREMENT=19;

--
-- AUTO_INCREMENT for table `roles_group`
--
ALTER TABLE `roles_group`
  MODIFY `id` int(11) NOT NULL AUTO_INCREMENT, AUTO_INCREMENT=4;

--
-- AUTO_INCREMENT for table `sttable`
--
ALTER TABLE `sttable`
  MODIFY `id` int(11) NOT NULL AUTO_INCREMENT;

--
-- AUTO_INCREMENT for table `suppliers`
--
ALTER TABLE `suppliers`
  MODIFY `id` int(11) NOT NULL AUTO_INCREMENT, AUTO_INCREMENT=246;

--
-- AUTO_INCREMENT for table `supplier_payment`
--
ALTER TABLE `supplier_payment`
  MODIFY `id` int(11) NOT NULL AUTO_INCREMENT;

--
-- AUTO_INCREMENT for table `tbl_customer`
--
ALTER TABLE `tbl_customer`
  MODIFY `CustomerID` int(11) NOT NULL AUTO_INCREMENT, AUTO_INCREMENT=14;

--
-- AUTO_INCREMENT for table `tb_billpayment`
--
ALTER TABLE `tb_billpayment`
  MODIFY `id` int(11) NOT NULL AUTO_INCREMENT;

--
-- AUTO_INCREMENT for table `tb_ledger`
--
ALTER TABLE `tb_ledger`
  MODIFY `id` int(11) NOT NULL AUTO_INCREMENT;

--
-- AUTO_INCREMENT for table `userlog`
--
ALTER TABLE `userlog`
  MODIFY `id` int(11) NOT NULL AUTO_INCREMENT, AUTO_INCREMENT=117;

--
-- AUTO_INCREMENT for table `users`
--
ALTER TABLE `users`
  MODIFY `id` int(11) NOT NULL AUTO_INCREMENT, AUTO_INCREMENT=10;
COMMIT;

/*!40101 SET CHARACTER_SET_CLIENT=@OLD_CHARACTER_SET_CLIENT */;
/*!40101 SET CHARACTER_SET_RESULTS=@OLD_CHARACTER_SET_RESULTS */;
/*!40101 SET COLLATION_CONNECTION=@OLD_COLLATION_CONNECTION */;
